query_id,user_id,timestamp,device_type,query_text,language,intent,location,query_duration_sec,num_words,is_successful,confidence_score,device_os_version
1,bdd640fb-0667-4ad1-9c80-317fa3b1799d,2025-04-17 19:27:32,smartphone,How tall is the Eiffel Tower?,Spanish,information,Los Angeles,5.99,6.0,False,0.87,
2,bc8960a9-23b8-41e9-b924-56de3eb13b90,2025-02-09 19:19:27,smartphone,Track my Amazon order,English,shopping,New York,4.72,4.0,True,0.61,
3,8b9d2434-e465-4150-bd9c-66b3ad3c2d6d,2025-02-03 18:19:43,car assistant,Define artificial intelligence,Spanish,information,Paris,6.3,3.0,True,0.71,Android 10
4,07a0ca6e-0822-48f3-ac03-1199972a8469,2025-02-06 09:18:10,car assistant,Set an alarm for 7 AM,Spanish,command,Paris,8.05,6.0,True,0.67,iOS 15
5,9a1de644-815e-46d1-bb8f-aa1837f8a88b,2025-01-11 07:19:59,smart speaker,Set an alarm for 7 AM,English,command,Delhi,4.53,6.0,True,0.68,Android 11
6,a65ed389-b74d-4fb1-b2e7-06298fadc1a6,2025-06-12 22:12:29,car assistant,Set an alarm for 7 AM,Hindi,command,Shanghai,4.53,6.0,True,0.99,Android 10
7,47378190-96da-4dac-b2ff-5d2a386ecbe0,2025-01-03 12:34:22,smartphone,Buy new headphones,French,shopping,Tokyo,8.16,3.0,,0.79,iOS 14
8,b2b9437a-28df-4ec4-8e4a-2bbdc241330b,2025-06-14 03:03:06,smartphone,How to get to Central Park,English,navigation,Tokyo,6.53,6.0,False,0.93,Android 10
9,371ecd7b-27cd-4130-8722-9389571aa876,2025-05-11 17:17:18,smartwatch,Show me comedy shows,Spanish,entertainment,London,4.06,4.0,,0.6,Android 11
10,18c26797-6142-4a7d-97be-31111a2a73ed,2025-05-20 09:55:49,smartphone,Find nearby clothing stores,French,shopping,Paris,6.09,4.0,False,0.58,Android 10
11,43b7a3a6-9a8d-4a03-980d-7b71d8f56413,2025-01-17 20:59:14,smartwatch,Find nearby clothing stores,Mandarin,shopping,Tokyo,4.07,4.0,True,0.61,iOS 14
12,1ff49b78-8946-4e85-b59c-de66bacfb3d0,2025-05-28 00:11:46,smartwatch,Show me comedy shows,English,entertainment,Los Angeles,4.07,4.0,True,0.94,Android 11
13,d453dd32-4b0d-4b41-8d52-88f1142c3fe8,2025-05-21 10:40:57,smart speaker,Recommend a podcast,Hindi,entertainment,Los Angeles,5.48,3.0,,0.57,
14,11ce5dd2-b45e-41f0-b139-d32c93cd59bf,2025-01-18 19:06:51,car assistant,Open the calendar,Hindi,command,Shanghai,1.17,3.0,True,0.68,iOS 15
15,4a15544d-c5e7-4e8a-ba57-8a8ea9488d99,2025-01-31 23:42:54,car assistant,Play latest movie trailers,English,entertainment,Tokyo,1.55,4.0,True,0.58,iOS 15
16,19db3ad0-ddd1-4fb2-bb98-2ef8daf61a26,2025-05-28 15:01:59,tablet,Order me a pizza,Hindi,shopping,Delhi,3.88,4.0,True,1.0,
17,d58842de-a2bc-472f-b412-b29347294739,2025-05-22 16:28:56,smartwatch,Order me a pizza,English,shopping,Paris,2.97,4.0,True,0.88,Android 11
18,35a240ae-5af3-4553-9ec4-2e0829a3b2e9,2025-04-14 16:24:49,smartphone,Call Mom,Spanish,command,Delhi,5.63,2.0,True,0.98,Android 11
19,a5e5a5ab-aefc-4ad8-afc8-9849b3aa7efe,2025-01-28 17:31:10,car assistant,Route to home,English,navigation,Tokyo,3.18,3.0,,0.92,
20,88bd6407-2bcf-4e01-a28d-efe39bf00273,2025-04-06 01:48:11,car assistant,Find nearest coffee shop,Mandarin,navigation,Tokyo,2.18,4.0,False,0.77,
21,451b4cf3-6123-4df7-b656-af7229d4beef,2025-03-27 06:57:42,smartphone,Buy new headphones,Hindi,shopping,New York,7.93,3.0,True,0.96,Android 11
22,c4b032cc-d7c5-44a5-9304-317faf42e12f,2025-01-22 17:22:46,smart speaker,Who won the game last night?,French,information,New York,4.55,6.0,True,0.87,iOS 14
23,ce177b4e-0837-48a3-9261-a7ab3aa2e4f9,2025-05-03 12:14:07,car assistant,Find nearest coffee shop,Hindi,navigation,Shanghai,5.14,4.0,False,0.63,
24,3602f8ac-10f1-4c81-848a-aa9e66b2bc5b,2025-05-03 05:00:37,tablet,Route to home,Spanish,navigation,Paris,2.15,3.0,,0.7,Android 11
25,654821d0-7fcd-4eb1-a7ca-d415366eb16f,2025-06-28 04:48:33,tablet,Track my Amazon order,English,shopping,Los Angeles,3.91,4.0,False,0.53,iOS 14
26,3f22faf8-23be-401d-83cf-2fde24933b83,2025-07-29 07:37:56,car assistant,Find nearby clothing stores,French,shopping,Los Angeles,5.22,4.0,True,0.54,iOS 14
27,6dadd6c7-95a7-4d79-bf3c-4c06434308bc,2025-06-05 02:40:57,smart speaker,What's the weather like today?,Mandarin,information,New York,2.7,5.0,True,0.62,Android 10
28,ff5e9ff0-ff50-4de4-b825-67b85cabcc97,2025-02-23 17:20:43,smart speaker,Find nearby clothing stores,French,shopping,Shanghai,5.75,4.0,True,0.62,Android 10
29,c17af08a-1745-46d8-be57-0ddf827050a8,2025-01-19 07:09:23,tablet,Directions to nearest gas station,English,navigation,Paris,3.8,5.0,True,0.68,Android 10
30,a0a04dc4-2720-4bdf-9c11-f735dc713d96,2025-03-04 03:08:25,tablet,What's the weather like today?,English,information,Delhi,4.42,5.0,,0.9,iOS 14
31,98ae4334-6c12-4ce8-ae34-0454cac5b68c,2025-01-25 16:07:16,smart speaker,Find nearest coffee shop,French,navigation,Delhi,3.8,4.0,False,0.71,Android 11
32,ff01cf99-988c-44c9-a1b1-cd2262801c45,2025-07-01 18:32:28,tablet,Directions to nearest gas station,Hindi,navigation,Tokyo,8.7,5.0,True,0.55,
33,8da0365b-f898-47b9-805c-acec877409a9,2025-01-05 11:00:39,smartphone,Who won the game last night?,Spanish,information,Delhi,4.97,6.0,True,0.74,Android 10
34,ae849217-1d53-434b-b881-39b9ae270da7,2025-07-28 12:55:34,smartphone,Navigate to airport,English,navigation,Delhi,2.88,3.0,,0.96,Android 10
35,a4161293-c4c2-42e3-844e-a7c8c0398710,2025-05-13 02:39:54,smartwatch,What's trending on Netflix?,Hindi,entertainment,Los Angeles,6.65,4.0,False,0.65,iOS 14
36,287d06ca-6f4c-469a-8b22-d3081c8eaee9,2025-06-26 05:00:41,car assistant,Order me a pizza,Mandarin,shopping,New York,2.56,4.0,True,0.79,
37,e037e5ed-b8db-4672-b42d-47cc00d4af59,2025-04-13 06:57:49,car assistant,Directions to nearest gas station,French,navigation,New York,5.42,5.0,False,0.53,iOS 14
38,2dbc2134-c30f-446e-8026-695ff8cda88b,2025-07-17 03:56:10,smart speaker,Play latest movie trailers,French,entertainment,Los Angeles,1.08,4.0,True,0.8,
39,a013ac6e-deda-4e16-9b3d-bd5ce9a1fa6f,2025-04-26 21:42:25,smartphone,What's trending on Netflix?,French,entertainment,Shanghai,2.34,4.0,,0.97,iOS 15
40,9be578c7-81f6-41d4-a392-31a7d777a477,2025-03-19 05:59:09,smartwatch,How to get to Central Park,Hindi,navigation,Los Angeles,5.39,6.0,,0.73,iOS 14
41,295b4715-c333-4861-9fb8-d16c2720797d,2025-07-29 11:22:36,smartphone,What's trending on Netflix?,French,entertainment,New York,6.48,4.0,True,0.77,
42,87c5421e-ec24-43c5-8754-108ff4188f3f,2025-01-01 05:19:49,smartwatch,How to get to Central Park,English,navigation,Los Angeles,5.34,6.0,,0.64,Android 10
43,04fc6d82-7d15-4385-92fb-e43b99546eb4,2025-02-13 10:40:57,car assistant,Open the calendar,French,command,New York,4.77,3.0,True,0.65,iOS 14
44,fc3e058b-e0f3-4ab0-9cec-4eb5edd96831,2025-04-30 10:14:21,smart speaker,Set an alarm for 7 AM,English,command,Paris,4.4,6.0,True,0.58,Android 11
45,e0c53cb8-3da9-42a9-8ed4-2f1a3d4cbf37,2025-01-31 14:04:08,car assistant,How to get to Central Park,Spanish,navigation,Paris,2.04,6.0,,0.75,Android 11
46,d0e6e660-7c69-4ee1-bb5e-4bcf15ed6269,2025-01-27 21:06:26,smartphone,Tell me news headlines,Mandarin,information,New York,3.56,4.0,True,0.67,iOS 15
47,c40db9b4-885f-4e66-82b6-d2c5fa5d3100,2025-02-18 20:10:22,smartwatch,Navigate to airport,French,navigation,Paris,4.08,3.0,True,0.78,iOS 14
48,f264accc-79ac-4b1e-a8e5-6e0c20de435d,2025-03-06 03:05:41,smartphone,Route to home,English,navigation,Tokyo,7.11,3.0,,0.79,iOS 15
49,9b49bd26-df57-459a-8715-a10343dac043,2025-06-14 07:55:53,tablet,Directions to nearest gas station,Mandarin,navigation,London,5.69,5.0,True,0.95,iOS 15
50,8a0f4efb-edcd-465e-b638-6821f6e07cc0,2025-03-20 02:51:49,smart speaker,How tall is the Eiffel Tower?,French,information,Tokyo,1.47,6.0,True,0.99,iOS 15
51,fec21bbe-6624-4bfa-8fcc-a39ab683d2e6,2025-05-26 00:31:52,smart speaker,Find nearest coffee shop,Hindi,navigation,New York,5.65,4.0,False,0.87,Android 11
52,7394988f-847f-49b4-a64d-1bcb702753a1,2025-02-16 23:50:27,tablet,How to get to Central Park,Spanish,navigation,Tokyo,4.23,6.0,True,0.69,iOS 14
53,568cc69b-1064-405c-b985-c3cf3f76be1d,2025-01-09 04:03:12,tablet,Find nearest coffee shop,Hindi,navigation,London,3.65,4.0,,0.91,iOS 15
54,96a402f2-3ae8-4c93-8dcd-cd03969b6662,2025-03-27 12:34:29,smart speaker,Who won the game last night?,Hindi,information,London,6.22,6.0,,0.93,Android 11
55,a18ff6b6-b535-406e-922c-9a5601d74256,2025-01-23 20:44:35,smartwatch,Track my Amazon order,French,shopping,London,7.06,4.0,True,0.56,Android 11
56,080aadfb-e7c9-4b26-9141-25c63a9bedd4,2025-05-09 07:49:00,smart speaker,Buy new headphones,English,shopping,New York,6.86,3.0,True,0.72,Android 11
57,474a493b-3ced-4f2d-839f-bc501223b513,2025-07-08 12:23:27,tablet,Add milk to shopping list,English,shopping,Delhi,3.32,5.0,True,0.6,iOS 14
58,b92da22b-21df-406f-8a0b-3c3336d8393a,2025-07-03 13:36:47,tablet,Define artificial intelligence,French,information,Paris,4.38,3.0,False,0.68,iOS 14
59,ceb81f9d-7914-4120-88dc-d19f3e351128,2025-06-08 02:04:25,smartwatch,Buy new headphones,English,shopping,Paris,5.66,3.0,,0.75,Android 10
60,a8b317fa-18d0-452b-9825-bc5430beb45f,2025-06-17 09:41:17,smartwatch,Show me comedy shows,French,entertainment,Los Angeles,6.95,4.0,False,0.71,Android 10
61,778eedb3-693d-4fbc-ac6f-a6115ab33edf,2025-01-22 00:54:43,smart speaker,Add milk to shopping list,Mandarin,shopping,Delhi,4.04,5.0,True,0.92,Android 11
62,a56c0941-fbf2-4050-a748-dbcfac619e63,2025-02-08 05:19:15,smartwatch,Navigate to airport,French,navigation,Shanghai,4.63,3.0,,0.73,Android 10
63,56dc8907-ba6c-44ab-a712-303a0f844fef,2025-02-12 10:27:40,smart speaker,Track my Amazon order,Spanish,shopping,Paris,2.79,4.0,True,0.64,
64,894a05e4-30b1-47ef-b10c-0c003fa7f104,2025-06-24 05:22:52,smartwatch,Who won the game last night?,Mandarin,information,Los Angeles,2.61,6.0,False,0.57,iOS 14
65,474ebc19-2ef9-4276-ac00-6f6123e2fcb4,2025-06-29 16:00:22,smart speaker,What's trending on Netflix?,English,entertainment,Delhi,6.63,4.0,True,0.94,
66,134c6c92-ec5b-427c-9fde-4fbf3ff350bf,2025-06-22 02:16:40,smart speaker,Recommend a podcast,Hindi,entertainment,Los Angeles,7.71,3.0,False,0.83,iOS 14
67,8ce21ea3-db20-456e-9c81-5fe7ceda8bbb,2025-02-08 00:34:31,smartphone,Who is the lead actor in Inception?,Spanish,entertainment,Tokyo,4.86,7.0,True,0.73,
68,8a63f881-ffd0-49d5-a6f2-f7b80cf35b58,2025-01-06 17:33:11,smart speaker,Tell me news headlines,Spanish,information,Tokyo,7.01,4.0,True,0.83,
69,c0e9ab30-ed26-42e9-97e0-11b7f8102383,2025-04-02 19:12:59,car assistant,Call Mom,French,command,Tokyo,5.72,2.0,True,0.71,
70,7b3a4e3e-7c52-4a17-a80a-c07a2a935d62,2025-03-25 00:16:09,tablet,Navigate to airport,Hindi,navigation,London,3.71,3.0,False,0.92,Android 11
71,0f02bad0-e706-4ef4-a6aa-9385dd59ba71,2025-03-05 22:31:45,car assistant,Who is the lead actor in Inception?,Mandarin,entertainment,Delhi,5.72,7.0,True,0.86,iOS 15
72,63f2ae24-fc3d-4348-808d-4127610461e3,2025-04-13 23:52:17,smartwatch,Play my favorite song,French,command,New York,8.08,4.0,False,0.58,Android 10
73,747b6dba-c8fe-4ccd-88b8-d9c6ed3049cf,2025-04-21 18:42:55,smart speaker,Directions to nearest gas station,Hindi,navigation,Delhi,4.93,5.0,,0.77,Android 10
74,bb026576-f512-44c3-b253-d2186c4a37ea,2025-07-09 00:06:22,smartphone,Navigate to airport,Hindi,navigation,Tokyo,8.13,3.0,True,0.97,iOS 14
75,37bb3eec-4bf5-4b52-b09d-258c27a0c3d7,2025-01-23 17:06:13,car assistant,Recommend a podcast,English,entertainment,London,1.3,3.0,True,0.93,Android 10
76,0f9aea4b-8acd-4e10-bc59-4585944528c0,2025-05-02 19:00:31,car assistant,Add milk to shopping list,Spanish,shopping,Delhi,6.64,5.0,False,0.64,Android 10
77,7a0ecfea-958c-49ba-8cd6-20c20ea2622b,2025-07-15 06:54:18,smartphone,Show me comedy shows,Hindi,entertainment,Paris,5.17,4.0,False,0.92,iOS 15
78,284d82e5-87f7-41fb-9a4b-d9caeb5cf467,2025-01-23 02:09:21,car assistant,Order me a pizza,Hindi,shopping,Shanghai,4.4,4.0,True,0.83,iOS 14
79,d9f195d0-1482-4f53-8201-0c62f5f59b22,2025-03-14 04:00:51,tablet,Navigate to airport,Spanish,navigation,New York,5.18,3.0,,0.69,iOS 15
80,acdabacc-1165-4210-9854-3881118a9d29,2025-04-02 08:15:33,tablet,Play my favorite song,Hindi,command,London,1.02,4.0,True,0.63,iOS 14
81,e3e9de99-f10c-418b-9eb0-e38a675dd5af,2025-04-06 14:53:36,tablet,Define artificial intelligence,English,information,London,4.56,3.0,False,0.83,iOS 14
82,9e8fc965-0a2c-427e-9832-685694340a03,2025-02-01 20:08:26,smartphone,Find nearest coffee shop,English,navigation,Shanghai,5.71,4.0,False,0.62,Android 10
83,90b2b633-956b-4c0c-a849-9b926b5252e3,2025-07-23 00:41:17,smartphone,Find nearby clothing stores,Hindi,shopping,Paris,7.96,4.0,,0.88,iOS 15
84,344a54b8-42c1-4a62-af48-e8d550fd9d3f,2025-05-03 00:24:21,car assistant,Order me a pizza,Spanish,shopping,London,3.96,4.0,True,0.79,Android 11
85,21813d25-6552-48a6-83ff-50113d1a85dd,2025-04-27 12:10:31,car assistant,Recommend a podcast,Spanish,entertainment,New York,3.38,3.0,True,0.85,iOS 15
86,c07a30f2-edd4-453b-90f0-fd0a750cab75,2025-01-29 04:09:03,smartphone,Open the calendar,English,command,Tokyo,4.0,3.0,True,0.89,Android 11
87,ff9ab5c2-9f04-4aed-b552-332702627f73,2025-02-08 19:53:34,car assistant,Show me comedy shows,English,entertainment,Shanghai,6.83,4.0,,0.51,Android 10
88,8181a8cc-3691-47eb-89a2-688b12c136e0,2025-04-13 23:50:49,tablet,Tell me news headlines,Mandarin,information,Paris,5.66,4.0,True,0.85,Android 10
89,e1805081-5958-4499-aeea-163e21e8ac68,2025-01-27 17:10:53,smart speaker,Buy new headphones,French,shopping,Tokyo,3.94,3.0,True,0.89,Android 10
90,48f4ef12-5e99-43d2-be89-6c64e117dac3,2025-03-03 06:18:25,tablet,Buy new headphones,Mandarin,shopping,Tokyo,6.03,3.0,False,0.92,iOS 14
91,b41b3143-8b10-450c-9570-4f32702cdd20,2025-04-28 11:39:50,smartwatch,Who is the lead actor in Inception?,Hindi,entertainment,Shanghai,5.19,7.0,True,0.83,Android 11
92,ce9e1a11-fcbb-4e59-bbdd-cf7c9c96e9ec,2025-07-25 10:05:04,smartphone,Show me comedy shows,Spanish,entertainment,Delhi,6.94,4.0,False,0.68,Android 11
93,8dfa6a56-d12d-4c9a-aaf9-15310200b1f0,2025-04-27 06:24:43,smartwatch,Open the calendar,Mandarin,command,Shanghai,3.6,3.0,True,0.76,iOS 15
94,f05db76e-1a84-451a-a9d3-d7c7ee87905e,2025-02-22 03:41:02,smartphone,Navigate to airport,Hindi,navigation,Shanghai,4.34,3.0,False,0.85,Android 10
95,1b66b5a9-e3c4-4657-9d8c-bbac43b409ef,2025-03-02 08:52:46,tablet,What's the weather like today?,Mandarin,information,Los Angeles,4.22,5.0,True,0.85,Android 11
96,35ebd32d-9ad6-40ab-8821-2ddb45b89cd9,2025-05-14 03:52:33,car assistant,Call Mom,French,command,Shanghai,2.07,2.0,,0.71,
97,da587e8a-a25d-4b29-afff-cfd2341ef40b,2025-04-13 12:30:29,smartwatch,Call Mom,Mandarin,command,London,5.59,2.0,,0.62,iOS 15
98,e7c421c7-4049-4b71-bd10-6c6081627cf1,2025-01-20 17:28:48,smartwatch,Define artificial intelligence,Spanish,information,Los Angeles,5.52,3.0,False,0.87,Android 11
99,d450281c-6c6f-4633-a260-772317a0df49,2025-04-18 10:50:47,car assistant,Add milk to shopping list,Mandarin,shopping,New York,5.01,5.0,False,0.65,Android 11
100,c56811cd-5563-4616-80e8-5ece0b49452d,2025-02-20 19:19:39,smart speaker,Set an alarm for 7 AM,French,command,Los Angeles,4.53,6.0,,0.52,iOS 14
101,295d6fbf-430f-401d-bad4-09e2a319dcb4,2025-06-21 14:12:19,car assistant,Turn off the lights,Hindi,command,New York,2.17,4.0,True,0.79,Android 10
102,8f9797b0-6d7c-43c9-b4a6-9f3c8d3aed99,2025-01-04 18:07:41,tablet,Show me comedy shows,Spanish,entertainment,New York,4.16,4.0,,0.97,Android 10
103,e21342b0-f1ee-4ba3-9343-2e611ca3c448,2025-02-27 21:17:11,smartphone,Tell me news headlines,Hindi,information,New York,4.31,4.0,True,0.81,iOS 14
104,5e84f058-d5a8-44eb-8939-23de8babce3b,2025-02-27 12:20:02,smart speaker,Route to home,Mandarin,navigation,New York,3.4,3.0,False,0.56,Android 10
105,4eea04e7-0ab5-4bde-a0a0-45026e068097,2025-05-22 14:47:54,car assistant,Add milk to shopping list,Spanish,shopping,Tokyo,4.68,5.0,True,0.69,Android 10
106,f8e1daa7-cbce-4bde-aede-db07e623a689,2025-01-16 11:50:49,smartwatch,Track my Amazon order,Mandarin,shopping,Shanghai,5.81,4.0,True,0.53,iOS 14
107,ae9bec36-35c7-436c-9b99-62c6e61fecc0,2025-04-07 21:47:08,smart speaker,How to get to Central Park,English,navigation,Los Angeles,8.77,6.0,False,0.59,iOS 14
108,c7b5b2bc-5a8a-4eca-9a50-aec3aabc25fa,2025-06-07 19:42:42,smart speaker,Tell me news headlines,Hindi,information,Paris,5.35,4.0,True,0.73,iOS 14
109,2790cebd-bfdd-43d9-9ee3-ac2af94d6204,2025-04-02 22:33:06,smart speaker,Play my favorite song,Hindi,command,New York,5.52,4.0,False,0.96,
110,ccc56569-f9e8-4369-a999-b735dd56cc94,2025-03-10 18:14:51,smart speaker,Play latest movie trailers,French,entertainment,Los Angeles,4.85,4.0,False,0.95,iOS 15
111,2dea9493-0658-463a-a98c-206fe1a47e10,2025-05-10 00:11:34,smartphone,Who won the game last night?,Mandarin,information,Shanghai,1.16,6.0,True,0.96,Android 10
112,cd5f4822-6966-48aa-ae49-f329c84a7b28,2025-04-07 09:05:10,smartphone,Show me comedy shows,Hindi,entertainment,London,4.95,4.0,True,0.77,Android 10
113,b386f7a4-c991-403f-a8c1-3091444d610b,2025-02-11 23:31:27,smartphone,Order me a pizza,Hindi,shopping,Paris,5.12,4.0,,0.8,iOS 14
114,dbccc477-09e9-4b0a-9f46-529061ee411a,2025-07-02 19:08:56,smartphone,Route to home,French,navigation,New York,9.93,3.0,,0.79,iOS 15
115,eb1fa9f2-d10b-41d0-b317-347038f16a81,2025-06-28 18:20:13,tablet,Track my Amazon order,Mandarin,shopping,Los Angeles,4.62,4.0,True,0.72,Android 10
116,cb9bc326-d20e-4c17-8e20-fd1a598336e3,2025-03-30 09:20:37,smartphone,Show me comedy shows,Hindi,entertainment,London,5.6,4.0,,0.84,iOS 15
117,3170f437-a8f7-4f5a-860e-df5b39118497,2025-06-04 17:58:19,smartwatch,Recommend a podcast,Mandarin,entertainment,Paris,4.93,3.0,True,0.91,
118,11c58ef0-dd46-4c09-8752-87aa5408f9ac,2025-04-19 09:38:00,smartphone,Play latest movie trailers,Mandarin,entertainment,London,2.66,4.0,,0.56,Android 10
119,6651529e-8268-490b-a438-25b559e4b671,2025-07-28 05:53:34,car assistant,Define artificial intelligence,Hindi,information,Delhi,7.29,3.0,True,0.59,Android 11
120,1d870966-0710-4430-b071-d87954c63cd8,2025-04-12 10:42:07,car assistant,Recommend a podcast,English,entertainment,Los Angeles,6.5,3.0,,0.77,Android 11
121,fbc9f87a-f668-4617-94a1-875d2db69edb,2025-04-14 02:19:33,tablet,Play latest movie trailers,English,entertainment,Paris,6.58,4.0,True,0.9,iOS 15
122,6f3f920c-98b8-44cc-9bc0-44fc09cb3942,2025-05-15 06:02:14,smartwatch,Order me a pizza,French,shopping,Delhi,3.18,4.0,True,0.61,iOS 14
123,6fb78271-504d-481f-8953-5b63ba81edd9,2025-07-18 14:48:30,tablet,Who won the game last night?,Hindi,information,Paris,7.81,6.0,,0.75,Android 11
124,939b462d-e645-4129-a29c-2ae31d9af659,2025-03-15 19:39:45,tablet,Recommend a podcast,Spanish,entertainment,Delhi,2.2,3.0,True,0.57,iOS 15
125,6fa17735-b572-43d0-8b5c-ea6a41357e8c,2025-01-01 15:45:49,car assistant,Find nearby clothing stores,English,shopping,London,6.17,4.0,True,0.67,
126,89d7fd6c-ce77-4f00-acf2-7e7685197ff4,2025-03-18 12:30:01,smartwatch,How tall is the Eiffel Tower?,Mandarin,information,Tokyo,9.38,6.0,True,0.79,Android 10
127,f2e9702d-11e9-4daa-ae69-81a35d3d9e56,2025-05-09 05:41:14,smart speaker,What's trending on Netflix?,Hindi,entertainment,London,3.02,4.0,,0.78,
128,d9178793-a9d3-42e6-905c-c6869f871ce7,2025-02-18 09:35:31,tablet,Show me comedy shows,Spanish,entertainment,Paris,3.87,4.0,False,0.79,iOS 15
129,81d2c7de-4ce1-4b90-a669-7833b841d0a0,2025-05-01 02:44:31,tablet,How tall is the Eiffel Tower?,Hindi,information,Paris,5.2,6.0,True,0.69,iOS 15
130,6703b636-5380-4904-a88c-7015aab97e49,2025-04-25 19:42:22,tablet,Who won the game last night?,French,information,Shanghai,3.99,6.0,,0.93,Android 10
131,6ba25efe-311c-4eb6-a095-eef68dedf9fb,2025-05-28 05:53:24,smartphone,Track my Amazon order,English,shopping,Paris,1.9,4.0,False,0.7,iOS 15
132,2c8d0e44-e71e-43a6-bf85-bf0ead64b56c,2025-04-27 21:03:22,smartphone,Show me comedy shows,Mandarin,entertainment,Shanghai,5.14,4.0,True,0.82,Android 11
133,001a9a8b-d56f-4350-8c45-9ce267f48ad5,2025-04-29 00:19:11,car assistant,Show me comedy shows,Hindi,entertainment,Tokyo,2.88,4.0,True,0.52,iOS 14
134,c9277d9b-6e0d-4648-b5ce-884149732d6c,2025-05-06 03:34:49,smart speaker,Turn off the lights,English,command,Delhi,5.95,4.0,True,0.88,iOS 14
135,acf5e81e-7131-4269-b118-e36477097749,2025-03-24 23:50:29,tablet,How to get to Central Park,English,navigation,New York,3.16,6.0,,0.9,Android 11
136,e6b3c944-cb32-4e35-b922-bac282dc4c8e,2025-03-07 21:38:18,smartwatch,Call Mom,Spanish,command,Los Angeles,8.1,2.0,True,0.71,iOS 15
137,83f4a9a9-48a6-49d0-95b5-2908a8aa7158,2025-05-11 04:10:51,smart speaker,Directions to nearest gas station,French,navigation,Tokyo,3.43,5.0,True,0.81,iOS 15
138,c04a96c4-f3b6-4fe1-9184-332417e8392a,2025-04-02 05:08:02,tablet,Find nearby clothing stores,Spanish,shopping,Delhi,4.36,4.0,,0.73,iOS 14
139,ce7ae7f6-3982-4cff-8f77-a665ac3c5640,2025-03-19 08:01:31,tablet,Open the calendar,Spanish,command,New York,6.63,3.0,True,0.97,
140,3eae0032-0bd4-4990-8640-be0f25b8fd4b,2025-07-04 12:35:30,smartwatch,Show me comedy shows,Hindi,entertainment,Tokyo,2.54,4.0,,0.6,Android 10
141,12a4def0-c4bb-47a9-9988-68dd9c7c7377,2025-06-26 20:47:10,tablet,Who won the game last night?,Hindi,information,Shanghai,5.45,6.0,,0.79,Android 11
142,935f2b0a-a138-4ddc-a2d9-de5d6a18ce4c,2025-03-17 12:16:03,smartphone,Show me comedy shows,English,entertainment,Shanghai,7.61,4.0,True,0.96,Android 10
143,7e8f8095-624c-49b6-b244-45a7b7e58481,2025-06-05 05:02:04,smartwatch,Route to home,Mandarin,navigation,Los Angeles,1.79,3.0,False,0.81,iOS 15
144,b00805cc-a7f3-4ae9-a5c7-3c443e75c3b4,2025-01-03 03:40:53,smartphone,How tall is the Eiffel Tower?,Hindi,information,New York,5.37,6.0,True,0.68,iOS 15
145,c521bf2d-dc45-4539-803f-3538e4855aa1,2025-02-11 09:27:56,smartphone,Play my favorite song,Hindi,command,Los Angeles,5.52,4.0,False,0.57,
146,2d06e8cf-3805-4907-acd6-6193c7468f59,2025-07-21 03:42:58,smartwatch,Add milk to shopping list,Mandarin,shopping,Tokyo,6.56,5.0,False,0.63,Android 10
147,3fcb7546-8eb2-4579-8cdb-1ca476ecbdd6,2025-02-17 03:08:38,smartwatch,Set an alarm for 7 AM,Hindi,command,New York,2.53,6.0,False,0.88,iOS 15
148,76f2dbfe-cd29-436f-a222-82e174daaebf,2025-07-26 06:30:28,tablet,Buy new headphones,English,shopping,Tokyo,2.36,3.0,True,0.51,
149,513a7052-986f-4025-8f15-ba58fce68504,2025-06-21 21:04:59,smartphone,Show me comedy shows,Mandarin,entertainment,Shanghai,6.04,4.0,True,0.91,Android 11
150,e45b712e-b822-4688-90a4-44329cd6c852,2025-07-16 00:52:24,smartphone,Navigate to airport,English,navigation,Shanghai,5.59,3.0,True,0.66,
151,8c41561b-e827-41b9-94a0-2e536d3ee1dc,2025-06-23 04:12:57,smart speaker,Tell me news headlines,Mandarin,information,Paris,5.5,4.0,True,0.56,iOS 14
152,dc8aee30-be60-43f7-a8be-9288e5af6e39,2025-07-04 08:17:11,smartphone,Call Mom,English,command,New York,5.69,2.0,False,0.94,iOS 15
153,3f4b1a70-c074-418e-825a-609f7337c599,2025-04-18 16:43:44,tablet,Show me comedy shows,French,entertainment,Delhi,3.64,4.0,True,0.87,iOS 15
154,7c0e8cd8-8573-4793-8715-b2b9c40c5d91,2025-04-03 21:55:59,tablet,Tell me news headlines,French,information,Delhi,5.46,4.0,,0.52,Android 11
155,b6aae05b-13d5-42f7-b09b-7d97464c04af,2025-04-21 23:10:45,smart speaker,Recommend a podcast,Spanish,entertainment,Tokyo,5.59,3.0,,0.55,Android 11
156,51d87c64-55fa-4ab8-858f-1f193c07c574,2025-07-29 18:35:01,car assistant,Set an alarm for 7 AM,Hindi,command,London,3.57,6.0,False,0.98,Android 10
157,3b33f3d8-269c-4696-a36c-7b8714a0bccb,2025-05-29 18:08:51,smartphone,Route to home,English,navigation,New York,8.73,3.0,,0.62,iOS 15
158,36c59dac-b4d7-428e-a71e-3ee2b1a6b1f1,2025-01-25 22:39:22,car assistant,Directions to nearest gas station,French,navigation,Los Angeles,5.95,5.0,True,0.61,iOS 15
159,8ae8905b-54b4-4482-a858-6eba6a34c854,2025-06-30 22:43:45,smartwatch,Route to home,English,navigation,London,2.62,3.0,False,0.99,
160,d5385b0e-34f3-493c-8ff0-a55c6a702e2f,2025-06-13 04:01:17,smartwatch,Directions to nearest gas station,English,navigation,Los Angeles,6.31,5.0,True,0.68,iOS 15
161,95863a76-c511-45ff-a7a3-7e8163b4c08b,2025-01-08 14:03:03,car assistant,Set an alarm for 7 AM,Spanish,command,London,3.05,6.0,True,0.56,Android 10
162,9360715f-c3fe-4183-a172-b725db52ca58,2025-05-28 17:24:29,car assistant,What's the weather like today?,Hindi,information,Delhi,6.57,5.0,,0.76,iOS 14
163,5a0cdd7c-f157-4470-8182-67c47a1b5806,2025-04-26 23:16:17,tablet,Find nearby clothing stores,French,shopping,New York,7.32,4.0,True,0.65,iOS 14
164,e4429ebb-da7b-4095-a3d6-2a39c0e3befd,2025-06-12 17:33:41,smartphone,Recommend a podcast,Hindi,entertainment,Paris,3.36,3.0,True,0.75,Android 10
165,8bcf53a1-bc10-4a52-bf5d-2fdf89c8d2ab,2025-03-27 15:34:10,smartphone,How tall is the Eiffel Tower?,French,information,Los Angeles,6.93,6.0,True,0.56,
166,6f92f25e-45df-46b6-b82c-043f7cfc9b79,2025-07-08 14:30:41,car assistant,Buy new headphones,Hindi,shopping,Shanghai,5.83,3.0,True,0.65,
167,ab3b4d37-560c-45ee-a38c-254c076e2bba,2025-06-07 00:30:16,car assistant,Play latest movie trailers,English,entertainment,Tokyo,6.64,4.0,True,0.86,iOS 15
168,77a6e17c-d72b-4108-aa40-5f12b963f37f,2025-02-19 13:34:38,tablet,Who is the lead actor in Inception?,Hindi,entertainment,London,8.79,7.0,True,0.7,iOS 14
169,06e745f9-88bc-439c-9f4c-3b79fb10987f,2025-06-03 00:32:05,smartwatch,Show me comedy shows,Mandarin,entertainment,London,4.51,4.0,False,0.84,Android 10
170,06f028ff-a9ba-4a27-907b-fe36978648f8,2025-02-02 14:26:49,smartphone,What's the weather like today?,English,information,Delhi,3.49,5.0,True,0.87,Android 11
171,dde9f863-22bd-4388-adb9-9102a48b3dbe,2025-06-29 07:20:29,smart speaker,Order me a pizza,French,shopping,Shanghai,3.22,4.0,True,0.66,iOS 14
172,610cf373-4299-4aa4-8cdf-742b2e85cb21,2025-05-08 03:08:52,tablet,Call Mom,English,command,London,3.37,2.0,True,0.66,iOS 14
173,56666f9f-53ac-4ab9-b467-2cd9362f5e5c,2025-05-28 05:42:44,car assistant,Find nearby clothing stores,Spanish,shopping,Paris,4.85,4.0,True,0.61,iOS 14
174,d4f8fd72-f382-4cfd-8083-b73a473bd358,2025-06-13 17:16:08,smartwatch,Buy new headphones,English,shopping,Tokyo,5.68,3.0,,0.79,Android 10
175,78660765-14f7-4e8d-95bc-b8d04094dded,2025-01-08 12:39:55,car assistant,Add milk to shopping list,French,shopping,New York,5.55,5.0,True,0.96,Android 11
176,fff9f585-0d55-4b61-8a17-5dfebfc00dc8,2025-05-16 21:52:00,smartphone,How to get to Central Park,Mandarin,navigation,London,6.65,6.0,,0.5,iOS 15
177,c7fee39f-1190-4938-a66f-d7f739669fa7,2025-01-16 15:13:58,car assistant,Play latest movie trailers,Spanish,entertainment,Paris,5.03,4.0,True,0.55,
178,3f4df561-f319-4125-87f1-94f9c1156d6d,2025-03-19 10:10:34,smart speaker,Recommend a podcast,Hindi,entertainment,London,7.91,3.0,False,0.69,Android 11
179,2702878b-9f0f-4a8d-8537-9ff6d6d7b3b8,2025-04-03 15:24:00,car assistant,Order me a pizza,English,shopping,Los Angeles,4.47,4.0,False,0.88,iOS 14
180,1d48a071-ab61-47b1-b93b-4c3220500494,2025-03-26 15:34:36,smartphone,Call Mom,Hindi,command,Delhi,10.44,2.0,True,0.72,Android 11
181,c4536f1d-4199-4fdf-b310-22f0770c7798,2025-05-24 06:21:08,smart speaker,Order me a pizza,Mandarin,shopping,Delhi,6.25,4.0,True,0.64,
182,f6b751f7-9b74-4245-9b1b-c8952af43ab7,2025-02-14 11:31:25,tablet,Buy new headphones,English,shopping,Los Angeles,3.29,3.0,True,0.99,iOS 14
183,f6f7f0cc-29ec-4e49-91bd-b8c0c71d5e60,2025-05-01 19:05:34,smartphone,How to get to Central Park,Spanish,navigation,Tokyo,2.86,6.0,False,0.88,Android 11
184,edcb8cb6-0692-4c63-9424-aed51bac5c15,2025-05-02 03:39:08,smartwatch,What's the weather like today?,Hindi,information,Paris,5.96,5.0,True,0.59,Android 10
185,f54ad0a2-e874-46d7-ad66-a1bd93676a02,2025-05-26 18:06:51,car assistant,Route to home,French,navigation,Tokyo,4.55,3.0,,0.54,iOS 14
186,32c5bd89-b70b-4420-b104-3785658b2523,2025-01-30 12:20:18,tablet,Tell me news headlines,English,information,Tokyo,6.43,4.0,,0.79,
187,a092f52a-d4a0-47a7-b0cc-1b3b9793b9b4,2025-04-05 07:31:13,tablet,Show me comedy shows,English,entertainment,Delhi,5.95,4.0,True,0.98,iOS 15
188,4d3485c5-c5c1-4eb4-b27b-3d901a16342c,2025-02-17 00:18:53,car assistant,Show me comedy shows,English,entertainment,Delhi,4.85,4.0,True,0.62,
189,c85aca46-90e0-44a0-bbdd-3933cbd58bf6,2025-01-16 22:47:31,tablet,Order me a pizza,Hindi,shopping,Tokyo,3.31,4.0,,0.87,iOS 15
190,a9597663-6daa-4e68-8861-fe1858e25888,2025-05-24 21:58:15,smartwatch,Directions to nearest gas station,French,navigation,Paris,1.97,5.0,True,0.77,iOS 15
191,575aed2c-a5c5-450c-8186-a57611a72609,2025-01-05 21:55:35,smartwatch,Turn off the lights,Spanish,command,New York,4.11,4.0,False,0.63,iOS 15
192,7d7ddbed-d284-476c-ab88-f83dd97dc9cd,2025-02-10 23:41:36,car assistant,Directions to nearest gas station,Spanish,navigation,Tokyo,6.71,5.0,True,0.73,
193,a2b5b498-5cb8-4aed-b5f6-2c976efb63b1,2025-06-28 13:04:52,car assistant,What's trending on Netflix?,French,entertainment,London,5.43,4.0,,0.58,iOS 14
194,2d174fc9-6f7c-45ea-a72a-6d8eb5122df8,2025-07-22 15:01:55,tablet,Show me comedy shows,Mandarin,entertainment,Shanghai,2.51,4.0,True,0.68,iOS 14
195,9dac6e83-4524-4ea6-a684-6099f7294951,2025-07-29 00:08:06,smartwatch,Recommend a podcast,English,entertainment,New York,5.35,3.0,,0.92,iOS 14
196,6f81cf4f-7701-47bb-bbc6-7e1fc64ee6e3,2025-04-15 05:37:39,smartphone,Add milk to shopping list,French,shopping,Delhi,5.77,5.0,True,0.79,iOS 14
197,d4aac9a3-3ed8-456c-9a09-dfa052828d80,2025-02-03 15:45:24,tablet,Find nearby clothing stores,Mandarin,shopping,Shanghai,3.23,4.0,True,0.75,iOS 14
198,3e6dd58b-7367-428d-a1b2-94de4767d76c,2025-06-30 11:23:48,tablet,How tall is the Eiffel Tower?,English,information,Shanghai,5.31,6.0,False,0.52,Android 10
199,6105716b-ab0e-464e-9c3e-b2d591e1aa96,2025-05-11 15:26:37,tablet,Add milk to shopping list,French,shopping,Los Angeles,5.12,5.0,,0.69,Android 11
200,533420e6-d9d8-4b8d-be8a-dee70758e201,2025-03-12 14:52:13,tablet,Show me comedy shows,French,entertainment,New York,2.71,4.0,,0.53,iOS 14
201,cc3ebdde-5ad5-4f06-b64d-7c877cd0129d,2025-04-11 08:01:08,car assistant,Show me comedy shows,Mandarin,entertainment,Paris,5.72,4.0,True,0.94,Android 11
202,989d9d4a-e15c-4666-8797-b2c957207246,2025-04-18 07:00:35,smartphone,Find nearby clothing stores,Mandarin,shopping,London,6.12,4.0,True,0.56,iOS 14
203,f2b43abf-8441-4efd-8299-436a8e485223,2025-03-16 04:46:29,smartwatch,Track my Amazon order,Mandarin,shopping,Tokyo,7.17,4.0,False,0.84,
204,680bac63-b856-4035-bdc9-829015eabb27,2025-07-09 17:52:32,smartphone,What's trending on Netflix?,Mandarin,entertainment,New York,7.11,4.0,,0.65,iOS 15
205,b0cbc61f-3d85-4e89-8217-14298e200724,2025-07-04 21:30:33,smartwatch,Who is the lead actor in Inception?,Spanish,entertainment,Los Angeles,2.24,7.0,False,0.54,iOS 14
206,72bb912d-7da6-4785-b63b-4dc3a559e463,2025-01-07 16:43:07,car assistant,Add milk to shopping list,English,shopping,Paris,3.12,5.0,,0.94,
207,6786d506-38ba-4abc-8b53-05e517d2582e,2025-04-05 11:46:06,smart speaker,Track my Amazon order,Spanish,shopping,Los Angeles,6.03,4.0,False,0.92,
208,5e781fd7-94e0-43ba-a9f9-48b24e6384bb,2025-07-03 19:06:26,smart speaker,Play latest movie trailers,Hindi,entertainment,London,6.03,4.0,False,0.98,
209,6cedd15d-5800-4c02-87ea-7ff58db06746,2025-05-09 11:11:54,smartwatch,Who is the lead actor in Inception?,French,entertainment,Los Angeles,6.03,7.0,,0.98,Android 10
210,455ac762-7428-4656-b3ee-4d3b5a104129,2025-04-30 01:56:00,smart speaker,Open the calendar,Hindi,command,Delhi,12.71,3.0,,0.89,
211,b8a6171f-1ee3-4dc4-bb04-8a8b405bfdc9,2025-03-16 19:00:56,car assistant,Who is the lead actor in Inception?,Spanish,entertainment,Tokyo,6.14,7.0,True,0.57,Android 11
212,892e6161-be2d-440a-9e9b-23bc50c7c006,2025-03-13 21:43:17,smartphone,Show me comedy shows,French,entertainment,New York,7.27,4.0,True,0.93,Android 11
213,7bf47042-bd15-41c8-b764-fbda3108d448,2025-04-18 09:09:47,smartphone,How to get to Central Park,Hindi,navigation,Shanghai,6.91,6.0,False,0.92,iOS 14
214,c29cfc0c-fa02-4aec-96ef-2ad6b97e6703,2025-07-23 17:58:12,smart speaker,Show me comedy shows,English,entertainment,Delhi,6.3,4.0,True,0.7,Android 11
215,19bc143e-fb02-4ebb-8872-9a4d98c7472a,2025-03-17 09:18:25,smart speaker,Play latest movie trailers,Mandarin,entertainment,Los Angeles,4.37,4.0,True,0.66,iOS 14
216,2defe193-5c62-43a2-ba3c-563e4bd6cee6,2025-04-28 09:20:17,smartwatch,Find nearest coffee shop,English,navigation,London,6.52,4.0,True,0.85,iOS 15
217,2067bdac-88bd-43d1-b540-b30e039f3a25,2025-04-17 12:46:00,tablet,What's trending on Netflix?,English,entertainment,New York,3.45,4.0,True,0.63,iOS 15
218,8da8eee4-0df5-4ac6-b96b-648a0ba6eab9,2025-04-24 10:54:39,car assistant,Add milk to shopping list,Hindi,shopping,New York,4.53,5.0,,0.62,iOS 14
219,a34b6cf6-2053-4a42-b1af-db65b289f224,2025-07-10 15:19:15,smartphone,Navigate to airport,French,navigation,Delhi,4.03,3.0,True,0.56,Android 10
220,92f5df7b-0323-4342-9f6a-8f931a432f0a,2025-04-21 10:14:04,car assistant,Order me a pizza,French,shopping,Shanghai,5.16,4.0,False,0.86,Android 11
221,5738811d-70c2-403f-ba8d-03aa782a65e0,2025-03-13 14:23:38,tablet,Define artificial intelligence,Mandarin,information,Los Angeles,9.63,3.0,True,0.71,iOS 14
222,f0e98b3b-40a2-4c60-8d27-0659f72ada9b,2025-07-05 12:45:31,car assistant,Set an alarm for 7 AM,French,command,Shanghai,1.27,6.0,True,0.89,
223,6694c343-10ba-48e3-9276-2bdc1d34d08e,2025-07-10 23:24:36,car assistant,Tell me news headlines,Hindi,information,New York,6.37,4.0,True,0.99,Android 11
224,afbb411a-a123-4a8c-93b7-a88612f70c97,2025-01-21 19:40:22,smartphone,Set an alarm for 7 AM,Mandarin,command,Los Angeles,1.77,6.0,True,0.89,Android 11
225,90164161-cfa7-41cd-a631-d00b26d794d3,2025-04-28 23:57:08,smart speaker,How tall is the Eiffel Tower?,French,information,London,4.06,6.0,False,0.92,Android 10
226,1e52d770-3f89-4142-be71-6b1415ce6a66,2025-06-11 15:01:22,tablet,Find nearest coffee shop,English,navigation,Paris,7.18,4.0,True,0.52,iOS 15
227,9e50aa42-ca6d-4da1-989b-c4da9b37a22b,2025-03-29 15:33:23,smartphone,Directions to nearest gas station,Mandarin,navigation,London,5.13,5.0,True,0.7,
228,7354ea6f-6160-4459-85c7-504bc693da11,2025-06-21 22:27:31,tablet,Set an alarm for 7 AM,Spanish,command,London,2.84,6.0,,0.93,iOS 14
229,fd72b050-96a9-454f-9c33-e1f94c1f55ab,2025-06-16 12:59:01,smartwatch,Set an alarm for 7 AM,Mandarin,command,Delhi,3.57,6.0,True,0.87,Android 10
230,0f6b40d0-9efb-458b-9191-b3634e2d6645,2025-02-08 12:55:26,smartwatch,Navigate to airport,Hindi,navigation,London,6.36,3.0,True,0.63,iOS 14
231,a021c0ca-3531-468d-8342-bd2bf295456e,2025-03-23 22:53:50,tablet,Tell me news headlines,French,information,Tokyo,3.54,4.0,False,0.77,Android 11
232,2834e4c0-14c8-43b4-a911-d19243bfd931,2025-04-04 03:42:19,smartphone,How tall is the Eiffel Tower?,Mandarin,information,London,5.43,6.0,True,0.8,Android 10
233,2812859a-1337-439e-8d4f-5d272c7f0b79,2025-01-02 00:56:22,smart speaker,Show me comedy shows,Hindi,entertainment,New York,5.09,4.0,,0.81,Android 10
234,980402a2-b07a-4066-b354-35ea68949b8d,2025-07-02 11:54:06,smartwatch,What's the weather like today?,Hindi,information,London,3.7,5.0,True,0.9,iOS 15
235,49c13de7-3b42-46c5-885b-15fb4a8ff810,2025-04-20 19:07:34,smartphone,Route to home,Hindi,navigation,New York,9.29,3.0,False,0.53,Android 11
236,1238d630-743b-45a2-9c0f-2fcfb3f6fe0d,2025-04-01 15:40:03,smartwatch,What's trending on Netflix?,English,entertainment,Shanghai,6.27,4.0,False,0.84,Android 11
237,ca8f3653-c9af-48f8-83b9-da13ec856f37,2025-03-18 19:48:31,smartwatch,Play latest movie trailers,French,entertainment,Los Angeles,1.53,4.0,True,0.66,Android 11
238,398d1ca6-8b68-40b5-9d61-fac36cd5e859,2025-02-27 20:40:54,smart speaker,What's the weather like today?,Spanish,information,Delhi,5.37,5.0,True,0.69,
239,246998e8-d39e-498b-8400-7d5ae88da719,2025-01-28 17:35:16,smartphone,Play my favorite song,Hindi,command,Los Angeles,3.68,4.0,True,0.64,Android 10
240,4ebfa5c3-cae9-44a7-aa79-ea680f44704f,2025-04-23 02:02:44,smart speaker,Who won the game last night?,English,information,Delhi,6.7,6.0,False,0.95,Android 10
241,b04d3376-77fc-4703-9fd5-a423706c5c56,2025-04-29 02:20:07,smartphone,Play my favorite song,English,command,Shanghai,3.41,4.0,True,0.65,Android 11
242,45b1ed25-f153-4ae8-a70a-cc5cb321bf21,2025-07-14 08:44:19,smart speaker,How to get to Central Park,French,navigation,Los Angeles,4.77,6.0,True,0.99,iOS 15
243,1497d658-7010-4719-be69-5d0d8a3c3b5e,2025-01-16 11:31:45,smart speaker,Play latest movie trailers,Mandarin,entertainment,Shanghai,6.01,4.0,True,0.68,
244,5283aac7-bc0a-4a5d-ae99-6e3ee3b137fc,2025-04-08 05:35:52,smart speaker,Order me a pizza,English,shopping,London,6.73,4.0,True,1.0,Android 10
245,f63fce41-3a9a-4a5e-9761-32ed069f14f1,2025-01-09 01:21:41,car assistant,Recommend a podcast,French,entertainment,New York,2.6,3.0,False,0.99,iOS 14
246,d248a9a7-ac1a-4554-83c7-5611ffe3fa49,2025-04-15 16:01:29,tablet,What's trending on Netflix?,Mandarin,entertainment,Los Angeles,4.33,4.0,True,0.82,iOS 15
247,c19ad58c-c35b-4c8c-8a4c-9f7f9384ec2b,2025-03-10 00:53:45,smart speaker,What's trending on Netflix?,English,entertainment,Tokyo,4.05,4.0,True,0.76,Android 11
248,7135f221-a6c9-437f-84da-d06a7872bdeb,2025-04-19 00:36:25,smart speaker,How to get to Central Park,Spanish,navigation,London,3.69,6.0,True,0.95,iOS 14
249,6f962882-95d8-4980-bf37-d19c2e76128b,2025-07-10 23:12:59,smartwatch,Route to home,Mandarin,navigation,Los Angeles,8.53,3.0,,0.81,iOS 14
250,5913f9d3-7852-49f4-975b-a98df8140102,2025-06-08 14:04:48,car assistant,Route to home,French,navigation,Los Angeles,5.81,3.0,False,0.83,
251,1ac70ec0-ab8d-4eb4-9230-dfbd5553b2fe,2025-03-04 10:59:46,smartwatch,Order me a pizza,English,shopping,New York,2.48,4.0,True,0.97,
252,7ed70ed7-b194-490b-a961-929e546e035a,2025-04-22 22:23:04,smartwatch,Route to home,Hindi,navigation,Shanghai,6.84,3.0,True,0.75,
253,d045dd1c-6684-49e3-b1f8-343ea99f1318,2025-01-15 06:02:31,smartwatch,Call Mom,Spanish,command,Tokyo,9.24,2.0,True,0.65,iOS 14
254,409d3602-5084-4242-968b-1625746f7891,2025-05-06 13:07:48,smartphone,Navigate to airport,Hindi,navigation,Delhi,7.06,3.0,True,0.6,
255,6778043b-c5c5-437a-b85e-06a11dad09b2,2025-07-19 20:23:04,smart speaker,Play my favorite song,Mandarin,command,Delhi,1.96,4.0,False,0.88,
256,a85c6e4a-004b-4fab-bcf5-6188d32e6dcd,2025-06-29 09:55:53,car assistant,How tall is the Eiffel Tower?,Spanish,information,Delhi,4.03,6.0,True,0.63,iOS 15
257,84b871bb-3005-48d2-8de0-51a669ca97d2,2025-05-21 12:01:40,smart speaker,What's the weather like today?,Mandarin,information,Delhi,7.53,5.0,True,0.71,iOS 15
258,a01ac992-7f9d-4e64-81a6-423b9f64eeed,2025-06-21 16:07:13,smartwatch,Buy new headphones,Spanish,shopping,Tokyo,3.58,3.0,False,0.75,
259,445dcc38-341c-4494-8d36-6dfcc28ebd70,2025-02-20 21:07:54,tablet,Show me comedy shows,Hindi,entertainment,New York,5.89,4.0,True,0.97,
260,e17f29e1-7028-4046-89bc-473fed7bf656,2025-07-08 05:50:29,tablet,Find nearest coffee shop,French,navigation,London,6.55,4.0,True,0.53,Android 10
261,a14923c2-f920-464c-8763-fcd01f15c7b6,2025-04-03 22:24:50,car assistant,Show me comedy shows,French,entertainment,New York,3.15,4.0,True,0.72,Android 11
262,8d03c91e-4f8d-4238-a88b-78b5b5b453ca,2025-01-06 07:27:18,smartwatch,Show me comedy shows,English,entertainment,Delhi,4.88,4.0,True,0.79,iOS 15
263,3985fb62-17dc-4eff-a872-13f98d605936,2025-02-14 01:32:03,smartwatch,Buy new headphones,English,shopping,Delhi,1.5,3.0,True,0.64,
264,a5d04d53-1e12-42e3-b272-92b6762172ed,2025-03-01 19:06:53,car assistant,Who won the game last night?,English,information,Delhi,2.95,6.0,,0.9,Android 11
265,4ab7706e-b773-40ca-aec2-59dc7f95897c,2025-07-17 15:01:51,car assistant,Turn off the lights,Spanish,command,Shanghai,4.49,4.0,True,0.7,iOS 14
266,d5b077e0-6a5d-432b-85ff-2c83b495db4e,2025-07-07 09:13:19,smartphone,Who won the game last night?,Mandarin,information,Tokyo,2.5,6.0,True,0.76,iOS 15
267,74eff545-3e65-4603-b8e3-654bfaf14ff0,2025-02-26 04:09:39,car assistant,Find nearby clothing stores,Mandarin,shopping,Shanghai,8.26,4.0,,0.58,
268,9970cf60-ebff-4d15-b0cb-d7556232b17a,2025-07-17 09:08:54,smartwatch,Buy new headphones,French,shopping,Tokyo,2.14,3.0,True,0.77,
269,dd30de89-22f2-45f2-a11b-868dbf0d073d,2025-01-28 02:40:37,smartwatch,Play latest movie trailers,Mandarin,entertainment,London,4.12,4.0,True,0.99,
270,dabac50d-ca3d-4859-85ce-099c46b82659,2025-06-11 03:32:37,smartwatch,Define artificial intelligence,Hindi,information,London,5.26,3.0,True,0.79,iOS 14
271,81fb18b3-c9a7-491f-af2a-e71357021049,2025-04-14 18:13:46,car assistant,Who is the lead actor in Inception?,French,entertainment,Paris,7.88,7.0,True,0.89,Android 10
272,b9de7a3a-4868-42b9-80a8-1de9d20f87d0,2025-04-26 22:44:31,smart speaker,Directions to nearest gas station,French,navigation,Paris,2.13,5.0,True,0.6,Android 10
273,ffb8102d-9475-4bc9-9641-8cedd664d264,2025-07-10 03:46:43,smartwatch,Who is the lead actor in Inception?,Hindi,entertainment,Paris,7.33,7.0,False,0.71,
274,89e06ab3-7250-4e18-a60a-5962dd81b7f5,2025-07-08 02:23:20,tablet,Who won the game last night?,French,information,Los Angeles,5.02,6.0,True,0.66,Android 10
275,c34b9fbb-8d4a-45b8-951a-c8ea585a0afa,2025-05-27 11:51:09,car assistant,Show me comedy shows,Spanish,entertainment,Delhi,3.04,4.0,True,0.67,Android 11
276,de9e3757-5260-401e-aecf-67d2749176f4,2025-03-15 06:22:03,smartwatch,Track my Amazon order,Spanish,shopping,Los Angeles,5.92,4.0,,0.78,iOS 15
277,9261549d-3d22-4c30-b28f-41defb140bc3,2025-05-29 17:32:49,smartwatch,Turn off the lights,Hindi,command,London,5.4,4.0,True,0.67,Android 11
278,69288e92-c68a-452f-9b23-aa8c3bcabf85,2025-01-17 22:49:20,smartwatch,Define artificial intelligence,French,information,Delhi,3.8,3.0,True,0.91,iOS 15
279,b489d070-7914-48a8-bea4-ff31517400f8,2025-05-29 01:19:54,smartwatch,How tall is the Eiffel Tower?,English,information,London,5.14,6.0,True,0.83,Android 10
280,cada4f80-a9e7-42d4-bd08-b32c62d60e93,2025-03-01 01:43:27,smart speaker,Route to home,Mandarin,navigation,Shanghai,4.23,3.0,,0.57,
281,2051acef-097a-4e10-b6fe-bc0e7ecddbaf,2025-07-15 01:41:34,car assistant,Find nearest coffee shop,English,navigation,Paris,5.23,4.0,True,0.61,iOS 15
282,dea4ae17-54fd-4ad3-9716-108ef72169bb,2025-02-08 23:27:57,smartphone,Tell me news headlines,Mandarin,information,Paris,6.32,4.0,True,0.55,iOS 15
283,1986b4b2-70b7-4868-9854-80f0dfcaf0b7,2025-07-24 06:13:09,smartphone,Find nearby clothing stores,Hindi,shopping,Paris,8.17,4.0,True,0.74,iOS 15
284,b8f21423-03ed-41f8-b4f9-3d17e912b4bf,2025-02-25 23:37:33,smartwatch,Play my favorite song,English,command,Tokyo,2.52,4.0,True,0.83,iOS 15
285,f84f16b3-a79f-4faf-9ef5-768968f45bce,2025-03-01 22:45:03,car assistant,Who won the game last night?,Hindi,information,Tokyo,9.27,6.0,False,0.97,iOS 14
286,f81dbaa1-c812-4a8e-b830-89301327f1bc,2025-04-13 22:11:28,tablet,Who is the lead actor in Inception?,Mandarin,entertainment,New York,1.1,7.0,True,0.65,
287,65c17795-b155-46bc-9f8d-ed9756abf2f1,2025-02-01 04:35:34,smartphone,Play my favorite song,Hindi,command,Paris,4.7,4.0,True,0.76,iOS 15
288,aca2b148-da33-4aa1-941c-dfcdda0d4a5f,2025-07-27 05:43:13,car assistant,Show me comedy shows,Spanish,entertainment,Tokyo,6.18,4.0,True,0.67,Android 10
289,a075e927-5110-4492-b442-7e0b61484bb3,2025-07-09 12:00:00,smartwatch,Directions to nearest gas station,Mandarin,navigation,Tokyo,5.56,5.0,,0.78,iOS 15
290,9e11d2cd-0930-4ef6-8a80-068ddf547e50,2025-01-27 13:43:39,smart speaker,Track my Amazon order,Hindi,shopping,Shanghai,3.75,4.0,,0.54,iOS 14
291,ebc2026f-af34-4f65-a193-c4b23c19e71d,2025-04-22 14:33:59,smart speaker,Navigate to airport,Mandarin,navigation,Los Angeles,4.58,3.0,True,0.63,iOS 15
292,1723199d-bf2c-44a0-ba3c-8a71ff574e2b,2025-06-18 12:54:26,tablet,Play my favorite song,Mandarin,command,Shanghai,4.01,4.0,True,0.51,Android 11
293,a23d4c2f-c2a7-4689-9933-918cfa745761,2025-02-09 00:47:43,smart speaker,What's the weather like today?,Hindi,information,London,3.82,5.0,False,0.7,
294,4ca9cf07-b1aa-4f6a-aa96-e1e27194eae2,2025-01-12 05:48:28,smartwatch,How tall is the Eiffel Tower?,Mandarin,information,Shanghai,6.7,6.0,False,0.61,iOS 15
295,0e5dd462-cbd0-4ef2-930a-37df0bc61066,2025-04-24 22:23:09,tablet,Navigate to airport,French,navigation,London,5.71,3.0,True,0.85,Android 10
296,25440fe0-6e41-4d47-9ff5-95ea5bc440f1,2025-04-05 20:05:06,car assistant,Find nearest coffee shop,French,navigation,Tokyo,3.61,4.0,True,0.76,
297,ae8a7813-90e0-495b-a97c-392387fa841a,2025-03-11 22:15:06,smartwatch,Define artificial intelligence,English,information,New York,6.8,3.0,True,0.95,iOS 15
298,9c07a751-1437-4509-acd1-586a2b840c67,2025-05-29 13:34:16,car assistant,Find nearby clothing stores,Spanish,shopping,London,5.61,4.0,True,0.72,iOS 15
299,7f671eec-3da7-4577-aee1-e86b9ea556aa,2025-02-25 13:57:13,car assistant,Play latest movie trailers,French,entertainment,Delhi,6.63,4.0,True,0.73,
300,4104a8b5-a34d-47c5-b60d-ebbb3b70b3a1,2025-06-28 11:30:27,tablet,What's trending on Netflix?,English,entertainment,Shanghai,6.26,4.0,True,0.84,Android 11
301,e61ede90-0267-4eb3-aab6-12c9415d174a,2025-06-30 16:28:28,smartphone,Show me comedy shows,English,entertainment,Paris,3.34,4.0,False,0.79,iOS 14
302,8beddb12-ad77-482f-89a2-3a89e6b5a92c,2025-03-03 08:26:22,tablet,Set an alarm for 7 AM,French,command,New York,3.88,6.0,True,0.99,Android 10
303,5876fd09-f1fa-4665-b115-33f312e89d10,2025-04-27 04:19:10,smartphone,Call Mom,Spanish,command,Tokyo,6.49,2.0,False,0.88,Android 10
304,b0b862ef-6c9f-42b9-b647-8986a3917c99,2025-04-08 03:05:03,smartwatch,Recommend a podcast,Hindi,entertainment,Delhi,6.22,3.0,True,0.84,
305,32ffe294-4d57-4880-9865-d69a74f33103,2025-05-30 09:36:03,smart speaker,Set an alarm for 7 AM,Spanish,command,Shanghai,4.96,6.0,True,0.76,iOS 15
306,3cb98350-1b4d-40fe-bbb3-8605da743152,2025-05-29 02:34:22,smartphone,How tall is the Eiffel Tower?,Hindi,information,Paris,5.23,6.0,True,0.71,Android 10
307,4bbe4aff-9326-4ffd-9be4-bf5192698698,2025-04-25 15:45:00,smart speaker,Navigate to airport,Mandarin,navigation,Los Angeles,7.56,3.0,,0.59,iOS 14
308,a881bfd3-d47d-477b-ba5a-91ca059dd55d,2025-06-03 17:10:36,smartphone,What's trending on Netflix?,English,entertainment,Los Angeles,3.82,4.0,False,0.53,
309,dd750e98-90e0-495f-8212-b554464458b4,2025-01-20 01:07:31,smartphone,What's trending on Netflix?,English,entertainment,Los Angeles,6.09,4.0,True,0.7,iOS 15
310,7f2984f5-bec3-4a37-9b3d-74bde91e314e,2025-04-22 03:31:22,car assistant,Directions to nearest gas station,Spanish,navigation,Shanghai,4.6,5.0,,0.62,
311,9b689c88-3ae9-49fe-8c82-18dac696f5e6,2025-05-17 19:52:09,smartwatch,Add milk to shopping list,Mandarin,shopping,Los Angeles,4.56,5.0,,0.94,
312,9ef2b93e-30ac-4d7b-a2f9-63a33810ae66,2025-04-08 08:00:39,smart speaker,Show me comedy shows,Mandarin,entertainment,New York,7.2,4.0,True,0.97,iOS 15
313,c478f6f1-b88e-4318-816d-83edad81f8bd,2025-02-23 02:52:29,tablet,Track my Amazon order,English,shopping,London,6.65,4.0,True,0.89,Android 11
314,a0a11839-e745-4704-98df-bc3ca0d4de3d,2025-01-16 07:26:42,tablet,Who is the lead actor in Inception?,Mandarin,entertainment,Delhi,6.63,7.0,False,0.88,Android 10
315,088a93ec-70d9-49f8-89e2-60744f1639a0,2025-05-22 16:45:11,smart speaker,How to get to Central Park,Spanish,navigation,Tokyo,7.61,6.0,True,0.96,
316,e8dd5e5a-1712-4b16-a1a4-344fbb7bee03,2025-04-25 14:37:43,tablet,What's trending on Netflix?,French,entertainment,Los Angeles,5.04,4.0,True,0.62,iOS 15
317,2cf6bf75-6a5e-4920-bf5a-e7e653a3dd5a,2025-03-19 23:32:35,smartwatch,Tell me news headlines,Mandarin,information,New York,6.36,4.0,True,0.86,iOS 15
318,e05fb8bc-8a16-406c-8958-e75e21d53971,2025-05-23 02:02:21,smartphone,Call Mom,French,command,Shanghai,4.38,2.0,True,0.94,iOS 15
319,45c45a3e-e9da-484a-8075-9f1f87e5f0fe,2025-03-05 21:39:54,car assistant,Find nearby clothing stores,Hindi,shopping,Los Angeles,5.65,4.0,,0.65,iOS 14
320,f1b64afe-d31e-4f1a-a9ff-1cae41c8ca8c,2025-07-07 03:08:50,smart speaker,Directions to nearest gas station,Hindi,navigation,Los Angeles,4.74,5.0,True,0.85,Android 10
321,bf1e8366-4b8e-43d4-8e76-07adf7a67b94,2025-05-12 13:03:17,smart speaker,Buy new headphones,Mandarin,shopping,Delhi,5.19,3.0,True,0.77,Android 11
322,f6802cdb-77e4-40c7-9d7b-c313cde22f1c,2025-01-30 05:50:27,smartwatch,Play my favorite song,French,command,Delhi,6.19,4.0,True,0.55,Android 10
323,39c1e262-f76c-4ede-8110-12662408a6dc,2025-06-04 08:08:36,smartwatch,How to get to Central Park,Mandarin,navigation,Delhi,3.36,6.0,True,0.78,iOS 15
324,8eac0a33-cdf9-44a7-9882-b5c1f79efd70,2025-05-23 01:16:14,smart speaker,How tall is the Eiffel Tower?,French,information,Shanghai,9.18,6.0,True,0.86,Android 11
325,03902c5d-6502-46a2-8a6a-2224171e16cc,2025-04-13 16:55:57,smart speaker,How to get to Central Park,Spanish,navigation,Delhi,2.99,6.0,True,0.92,Android 10
326,5e5ba13d-746c-4b77-9fa3-82e8895ccd99,2025-04-12 19:31:17,car assistant,Play my favorite song,Hindi,command,Paris,2.57,4.0,True,0.73,Android 11
327,a377f6f1-d289-40ab-a18a-e30595a5bafa,2025-05-25 06:23:07,smart speaker,Route to home,Hindi,navigation,Los Angeles,7.32,3.0,True,1.0,iOS 14
328,78b2b549-3bdb-409e-acc2-16a01bbc91f7,2025-01-10 17:14:47,car assistant,What's the weather like today?,English,information,Tokyo,6.58,5.0,True,0.71,iOS 15
329,8fb864e4-f173-4856-a25d-36eb9e9a9f83,2025-05-08 09:14:24,smartphone,Directions to nearest gas station,Spanish,navigation,Shanghai,6.25,5.0,True,0.69,
330,a5cc8bf7-38ab-454c-9c2e-58deea4e3617,2025-01-25 13:13:31,car assistant,Recommend a podcast,English,entertainment,New York,6.26,3.0,True,0.78,iOS 14
331,e8cda0cc-76da-4ca0-92e8-2f38a2a9d4d8,2025-04-28 08:36:59,smartphone,Buy new headphones,French,shopping,London,4.98,3.0,True,0.75,Android 10
332,23c86d30-1dde-4969-a886-13dba6348e78,2025-01-18 14:39:46,smart speaker,What's the weather like today?,French,information,Los Angeles,3.21,5.0,False,0.6,
333,fef518a6-4dea-4645-8986-bbebf23e323d,2025-07-11 07:35:39,smartwatch,Play my favorite song,Hindi,command,New York,5.15,4.0,,0.98,Android 10
334,e3236d1a-3c1b-4acc-98e1-93311dba1267,2025-07-28 18:17:51,car assistant,Find nearest coffee shop,Mandarin,navigation,Paris,3.65,4.0,True,0.83,iOS 14
335,5efa9c5b-7421-4f46-a37e-4b0122bae10e,2025-07-29 18:57:32,smartphone,Recommend a podcast,Hindi,entertainment,Shanghai,6.95,3.0,True,0.53,iOS 14
336,ba0266ef-be05-4787-965b-efdf6b4be411,2025-03-02 00:15:28,smart speaker,Tell me news headlines,Hindi,information,Paris,4.71,4.0,,0.78,iOS 14
337,19597b5a-a7a8-4636-aa35-df59e2aa7a5d,2025-07-10 01:02:41,car assistant,Who won the game last night?,Spanish,information,Tokyo,3.35,6.0,True,0.74,iOS 14
338,f396ea37-f065-4817-a87a-48509d9b6231,2025-04-19 15:22:01,smartphone,Open the calendar,French,command,Paris,4.36,3.0,True,0.59,Android 11
339,379efc6e-5edb-4d3c-b0b6-3bcf08601833,2025-06-22 04:37:47,smartphone,Route to home,Spanish,navigation,Tokyo,5.83,3.0,True,0.96,Android 11
340,dafec8a9-3c71-40be-b357-956071d79665,2025-05-21 20:28:44,smart speaker,Find nearby clothing stores,French,shopping,Tokyo,3.87,4.0,True,0.84,
341,5e09a9ee-af88-4dec-bb1e-143b196f4dfa,2025-05-20 07:04:57,smartwatch,Who is the lead actor in Inception?,English,entertainment,Shanghai,3.36,7.0,,0.53,Android 10
342,30974b2b-46a0-4a9b-a5ec-7acd0f8035f5,2025-02-17 10:36:39,smart speaker,How tall is the Eiffel Tower?,French,information,Tokyo,5.49,6.0,True,0.98,Android 10
343,74685b98-d2fe-4fde-9918-b3e5f2f25eef,2025-02-05 14:27:29,smartwatch,How tall is the Eiffel Tower?,Hindi,information,Delhi,5.49,6.0,False,0.68,Android 10
344,a3b5cece-a446-4e72-b64c-911aa9ab364a,2025-01-09 07:03:57,tablet,Route to home,Hindi,navigation,New York,3.99,3.0,True,0.65,iOS 15
345,3e5a87e3-5560-4b22-896b-5edb0cf2b69b,2025-02-18 21:41:44,smartphone,How tall is the Eiffel Tower?,Spanish,information,Delhi,4.06,6.0,False,0.87,Android 11
346,11906f50-3488-4a46-9088-2eafc9776598,2025-03-22 10:50:47,smartwatch,What's the weather like today?,English,information,London,5.46,5.0,True,0.68,Android 11
347,dea45c19-d024-4d72-b748-967f961d33ba,2025-04-01 11:42:18,smartphone,Directions to nearest gas station,Spanish,navigation,Delhi,2.1,5.0,True,0.78,
348,c9e48e8c-25c6-4c45-863d-04ee541c7a86,2025-01-02 02:25:45,tablet,What's the weather like today?,English,information,London,2.19,5.0,True,0.55,
349,250a4578-fbe9-4499-9bc0-80fd46fb7bf3,2025-02-20 11:36:52,smartwatch,Play latest movie trailers,Mandarin,entertainment,Delhi,3.56,4.0,True,0.89,
350,2cabd7e7-cc6b-46e5-802a-df9c8a4b8f7c,2025-02-12 16:35:16,smart speaker,Add milk to shopping list,Spanish,shopping,Paris,4.57,5.0,True,0.58,Android 11
351,21bddb41-0699-4731-9dcf-8766a93b12cd,2025-01-06 18:30:29,smartwatch,Call Mom,Spanish,command,New York,5.62,2.0,False,0.72,Android 10
352,3ce915e7-c9d6-463b-8a3c-6f5f5bb5c40c,2025-05-06 17:46:07,smartwatch,Play latest movie trailers,Mandarin,entertainment,London,7.95,4.0,False,0.86,Android 10
353,0d6a05b3-43ef-4016-ac9b-662e040a3aae,2025-02-19 05:28:30,car assistant,Find nearby clothing stores,Hindi,shopping,New York,6.72,4.0,False,0.65,Android 10
354,1d181ee9-86ad-4a8c-abc4-123ebde13c1b,2025-01-25 16:24:13,smartwatch,Track my Amazon order,Mandarin,shopping,Delhi,4.68,4.0,,0.72,
355,5cae9610-c72c-4fe3-b2c2-2a1679eb4168,2025-07-19 07:43:28,smart speaker,Play my favorite song,French,command,Paris,4.96,4.0,False,0.74,iOS 15
356,80fb9296-73b6-409b-9bea-f6ac97fa7f04,2025-03-28 00:59:36,tablet,Play my favorite song,Hindi,command,Shanghai,2.99,4.0,False,0.66,Android 11
357,ba2c98ce-0b19-488e-9d77-a45ef206c269,2025-07-22 12:16:39,tablet,Set an alarm for 7 AM,French,command,Los Angeles,4.96,6.0,True,1.0,iOS 15
358,f6ca6b8b-a4b1-4991-b542-46464d37a539,2025-01-13 02:20:42,car assistant,Tell me news headlines,Spanish,information,Delhi,4.42,4.0,,0.92,iOS 14
359,d8e88ebb-7a9e-4eef-bfa3-61be0f9240e1,2025-06-05 23:20:38,tablet,Who is the lead actor in Inception?,Mandarin,entertainment,Los Angeles,5.65,7.0,,0.83,Android 10
360,7d824264-1ba3-42e7-afa4-15e56d204496,2025-06-22 06:18:02,tablet,Tell me news headlines,French,information,Delhi,3.35,4.0,True,0.7,
361,5275eb94-14ae-4f5c-a636-58c912d0498d,2025-02-27 14:34:17,tablet,Order me a pizza,Mandarin,shopping,Paris,6.04,4.0,True,0.8,iOS 14
362,9fd34579-4667-42ce-a04e-178c10d08d11,2025-05-07 06:56:52,smartphone,How to get to Central Park,Spanish,navigation,Paris,8.07,6.0,True,0.52,Android 10
363,87d292a6-98ee-4c2b-be9f-ecaa6182f347,2025-04-25 12:38:46,smartwatch,Play latest movie trailers,English,entertainment,New York,4.78,4.0,,0.61,
364,6e218b09-9afd-4015-816b-cb9f7426b193,2025-02-08 12:24:36,car assistant,Add milk to shopping list,Spanish,shopping,Delhi,5.8,5.0,,0.7,
365,da509fed-1d4a-4d81-b3a7-d0e0cb08587d,2025-03-25 12:09:36,car assistant,How to get to Central Park,English,navigation,Delhi,6.38,6.0,True,0.65,iOS 14
366,3a7e8e14-e359-4ee1-b399-1a476e191042,2025-06-10 17:01:19,smartphone,How to get to Central Park,Mandarin,navigation,London,4.2,6.0,True,0.89,
367,66132e69-7418-4109-93d1-bf0f56c438e4,2025-06-11 13:18:16,tablet,Call Mom,English,command,Delhi,5.45,2.0,True,0.66,Android 11
368,6d4067f4-5003-4b35-9857-8bafbac7e2b9,2025-05-02 08:55:50,smartphone,What's the weather like today?,Mandarin,information,Paris,5.03,5.0,True,0.84,iOS 15
369,f41ea3ac-5fd2-4109-8140-752caa448259,2025-03-01 06:41:52,smart speaker,Find nearby clothing stores,French,shopping,Los Angeles,5.2,4.0,,0.78,Android 10
370,112fa612-7969-4ed2-ac48-bf55afd380c4,2025-02-05 10:16:35,smart speaker,Who is the lead actor in Inception?,Spanish,entertainment,Paris,3.45,7.0,True,0.7,
371,6e8f75a1-17dd-4d81-95da-705cd4ef00aa,2025-02-07 12:02:44,smart speaker,What's trending on Netflix?,Hindi,entertainment,Delhi,5.05,4.0,True,0.85,iOS 15
372,cfd01cbd-5f65-48ce-bd21-bc11be9d61ee,2025-02-20 12:45:50,smartwatch,Define artificial intelligence,English,information,Tokyo,6.0,3.0,True,0.59,Android 11
373,f4e559e5-9622-4348-8f5a-e9d38e6e5003,2025-05-09 00:31:23,smart speaker,Play latest movie trailers,Mandarin,entertainment,Paris,7.9,4.0,True,0.76,Android 11
374,5a856750-692a-4139-9f4a-8ca1ab85fd59,2025-06-14 06:03:25,car assistant,What's trending on Netflix?,Hindi,entertainment,Shanghai,6.92,4.0,True,0.67,Android 10
375,0d2b91ef-b897-4ec5-aa74-bb18de3b496f,2025-04-22 16:54:01,car assistant,How to get to Central Park,French,navigation,Shanghai,9.31,6.0,True,0.84,Android 11
376,1a85910d-5a05-4c11-8ffc-a6b199b479d4,2025-07-17 01:25:39,smartphone,How to get to Central Park,English,navigation,Los Angeles,3.47,6.0,,0.85,
377,7b70c3b8-a81f-4ec3-a79c-658a36760ce5,2025-03-29 02:06:49,tablet,What's trending on Netflix?,Spanish,entertainment,Shanghai,6.74,4.0,True,0.71,Android 10
378,d86a6460-59a1-420e-9bb4-3332d8e7012f,2025-05-23 17:55:02,car assistant,Route to home,Spanish,navigation,Delhi,5.37,3.0,,0.57,Android 11
379,92f837d4-4750-4f1d-833a-1f6c1d691fba,2025-03-29 19:57:19,tablet,Order me a pizza,Mandarin,shopping,New York,9.38,4.0,True,0.57,Android 10
380,8f9b72ae-d85c-46bd-adda-4f8dcea60f4c,2025-01-11 04:42:12,car assistant,Track my Amazon order,Hindi,shopping,Paris,3.38,4.0,True,0.71,Android 10
381,d4578ad9-a867-4096-add8-77c89be71737,2025-04-14 20:47:36,tablet,Directions to nearest gas station,French,navigation,New York,3.32,5.0,False,0.65,Android 11
382,b3e4110a-45f5-4c52-ae2f-bf77076979d6,2025-04-30 23:56:45,smart speaker,Buy new headphones,Spanish,shopping,Tokyo,3.8,3.0,True,0.78,Android 10
383,01902620-59dc-4bd0-96fe-bfb9ebe9e207,2025-03-12 10:49:20,car assistant,Order me a pizza,French,shopping,New York,1.27,4.0,True,0.91,Android 11
384,a847bce7-90fa-4b57-a4ac-2130deaf528d,2025-06-05 15:34:51,car assistant,Tell me news headlines,French,information,Los Angeles,3.95,4.0,True,0.55,iOS 15
385,a2178f84-bdb0-45ff-a451-e5a411d059b2,2025-01-12 21:44:41,smartwatch,Tell me news headlines,Mandarin,information,London,3.48,4.0,True,0.72,iOS 14
386,3712f2d1-87cd-46a1-bf01-2e32177d6e7e,2025-05-27 02:23:09,smart speaker,Route to home,Mandarin,navigation,Tokyo,5.3,3.0,True,0.82,iOS 15
387,284bf962-5744-4596-b422-21676b7a2460,2025-05-24 17:08:41,car assistant,Find nearest coffee shop,Spanish,navigation,Tokyo,5.68,4.0,True,0.79,
388,c6deb2f0-530a-41c7-b8ba-83684fc77768,2025-02-02 23:51:25,smartwatch,Add milk to shopping list,Spanish,shopping,London,8.75,5.0,,0.64,Android 11
389,284c03d2-27d4-45b6-8d77-c5a0e222b6a6,2025-01-20 07:49:12,car assistant,Who won the game last night?,Hindi,information,New York,6.9,6.0,,0.93,iOS 15
390,716fda0a-45a8-4829-94e2-86e5ac8936bc,2025-06-14 16:06:14,smart speaker,Find nearest coffee shop,Mandarin,navigation,Tokyo,3.85,4.0,False,0.88,Android 10
391,6a07f213-7129-4ec7-9b69-554d7c54535f,2025-04-17 02:05:58,tablet,Route to home,Mandarin,navigation,Paris,3.2,3.0,True,0.69,iOS 14
392,1d2324e6-8329-40b7-8143-f426372f871a,2025-05-15 01:14:39,smartphone,What's trending on Netflix?,Mandarin,entertainment,Paris,5.98,4.0,,0.73,Android 10
393,ad9fb00d-4882-473c-9c63-45ab6e0ed1e8,2025-07-08 23:44:45,smartwatch,Order me a pizza,English,shopping,Paris,2.36,4.0,True,0.82,Android 11
394,0ba078e8-4ef4-42c1-aac9-331686e52753,2025-03-27 15:22:50,smartphone,Track my Amazon order,Spanish,shopping,Delhi,8.66,4.0,False,0.75,Android 11
395,0e0630cd-996d-4c50-bc04-a168652ffb49,2025-01-03 23:38:55,smartwatch,Open the calendar,French,command,Los Angeles,7.36,3.0,True,0.93,Android 11
396,36136e15-f200-4261-8d29-d1ab345512f7,2025-02-23 07:07:15,smartphone,What's the weather like today?,Hindi,information,New York,4.06,5.0,True,0.96,iOS 15
397,53ffd3a2-4a19-4501-8169-b9fcc3a00c6f,2025-02-16 14:20:06,tablet,Play latest movie trailers,Hindi,entertainment,Los Angeles,1.57,4.0,False,0.94,Android 11
398,6e3f683a-bf3c-4140-bf54-a51101fa964e,2025-03-10 05:35:39,smart speaker,Set an alarm for 7 AM,Mandarin,command,London,7.71,6.0,True,0.69,iOS 15
399,b423ccde-8857-4117-a155-46672112507c,2025-03-31 08:47:14,smartphone,Show me comedy shows,Spanish,entertainment,Delhi,4.77,4.0,True,0.85,iOS 14
400,ab05347f-d556-437d-8f08-81ee8011316b,2025-05-18 13:04:38,smart speaker,Play latest movie trailers,Spanish,entertainment,Shanghai,7.48,4.0,False,0.76,Android 10
401,bdf66ba5-dc9c-46de-a5a6-74c212738a23,2025-01-17 10:17:08,smartphone,How tall is the Eiffel Tower?,English,information,Tokyo,1.81,6.0,True,0.85,Android 10
402,ebd14d2c-75b2-4455-84cc-3ede6fac1673,2025-01-31 05:43:55,smartphone,Navigate to airport,English,navigation,Paris,3.8,3.0,True,0.55,Android 11
403,6de59332-9364-43d0-9024-bdc6dcb33df3,2025-06-07 01:29:40,smartwatch,Navigate to airport,Spanish,navigation,Paris,5.01,3.0,False,0.53,
404,4a1dab32-6aed-4dc7-a3e0-5309b5a1b949,2025-02-14 17:29:37,smartphone,Find nearby clothing stores,Hindi,shopping,London,5.09,4.0,False,0.81,iOS 15
405,532401fc-f758-4ce2-8556-daea67b03283,2025-03-08 17:58:26,tablet,Track my Amazon order,Spanish,shopping,New York,4.1,4.0,True,0.57,iOS 14
406,75c8e90d-9e3d-450d-b296-d9f0cd2372c2,2025-05-21 12:42:41,car assistant,Show me comedy shows,Hindi,entertainment,London,6.25,4.0,False,0.62,iOS 14
407,1b19d8b8-d830-4081-afcc-57dd168fae12,2025-04-05 11:52:26,smart speaker,Add milk to shopping list,French,shopping,Paris,2.86,5.0,True,0.64,iOS 14
408,862268d1-6683-4107-96c0-44d06f887f28,2025-01-31 13:02:38,smartwatch,Route to home,French,navigation,Shanghai,4.72,3.0,False,0.87,Android 11
409,beed10b6-4f6e-474b-9eda-b0276550f74a,2025-05-12 20:29:35,smartphone,Navigate to airport,Hindi,navigation,New York,5.24,3.0,False,0.75,
410,2b0abedd-c774-44cb-9543-fc3c38b8f24e,2025-01-30 15:54:26,smartphone,Order me a pizza,Mandarin,shopping,London,6.03,4.0,False,0.69,
411,87d5b7be-1d30-4990-a21b-030782af085c,2025-07-18 01:05:51,tablet,Open the calendar,Spanish,command,Tokyo,6.42,3.0,True,0.98,iOS 14
412,5970a859-c6b6-44ad-a7ea-8d5a31a3ac4d,2025-05-17 08:29:12,smartphone,Order me a pizza,English,shopping,London,2.75,4.0,False,0.52,iOS 14
413,a53bc024-d1a6-4d87-b54e-2019ba35844e,2025-02-27 08:34:08,tablet,Buy new headphones,French,shopping,Tokyo,1.93,3.0,True,0.71,Android 10
414,4187222b-257d-4e52-9a51-65ca3c7c1d85,2025-03-18 14:42:23,smartphone,Add milk to shopping list,French,shopping,Los Angeles,7.56,5.0,,0.54,iOS 14
415,c29d782b-2722-496e-9a36-d1ec2c6a6e9a,2025-01-30 06:20:36,car assistant,Find nearest coffee shop,French,navigation,London,5.66,4.0,True,0.79,iOS 14
416,a0c14035-c5d9-4f51-b387-e1bd2d5972c6,2025-07-11 21:30:16,smartwatch,Who is the lead actor in Inception?,English,entertainment,Los Angeles,3.5,7.0,True,0.96,iOS 14
417,c2874f06-9050-47ef-8123-5c9176c5a0dc,2025-06-24 08:06:00,tablet,Add milk to shopping list,English,shopping,London,8.1,5.0,False,0.56,iOS 15
418,9082889b-e1cd-487f-ac95-5f87ae5ec365,2025-05-06 12:31:08,smartphone,Navigate to airport,Mandarin,navigation,Shanghai,5.23,3.0,True,0.89,Android 11
419,50ee7a92-a091-41e0-b891-b0c3dd3f487e,2025-02-28 15:01:29,smart speaker,Turn off the lights,Mandarin,command,Paris,7.36,4.0,True,0.89,iOS 14
420,71348c2a-780b-4657-917b-355b70944bdb,2025-04-28 14:29:27,smartwatch,Show me comedy shows,French,entertainment,New York,5.14,4.0,,0.86,
421,0e614bcd-9767-4900-8651-0367cbdc4318,2025-05-17 16:20:21,smartphone,Recommend a podcast,French,entertainment,London,9.12,3.0,True,0.75,
422,7634c169-4f76-4388-92fe-28bf81e0d489,2025-06-25 12:08:33,smart speaker,Turn off the lights,Mandarin,command,Tokyo,8.51,4.0,True,0.95,iOS 14
423,d4ea120a-5e65-4654-8e90-58b609a0a0f6,2025-04-22 11:45:06,smart speaker,Order me a pizza,English,shopping,Tokyo,4.5,4.0,True,0.62,Android 10
424,fa34d2e8-dd3f-4d7e-a508-dc9513a4a492,2025-02-05 01:37:27,smartwatch,Who is the lead actor in Inception?,Spanish,entertainment,Tokyo,6.94,7.0,True,0.78,Android 10
425,626d719d-81cf-4252-9815-9d6c9d713084,2025-06-29 16:47:06,smart speaker,Turn off the lights,Hindi,command,Paris,6.29,4.0,,0.64,iOS 14
426,cab4923b-f448-4385-8de7-ad6c949077c2,2025-01-16 22:21:33,car assistant,Set an alarm for 7 AM,French,command,Paris,7.74,6.0,True,0.59,
427,925817b7-cf50-4889-a8b7-7f7b7321bf6b,2025-03-15 02:31:08,smartphone,Play latest movie trailers,Hindi,entertainment,Tokyo,3.07,4.0,,0.89,Android 11
428,80599b93-79c2-42e4-9ae1-a991524f93ff,2025-02-28 14:07:37,smartwatch,Define artificial intelligence,Hindi,information,New York,6.37,3.0,,0.6,
429,1a7f195b-7355-4b9d-8fd6-f47ef52d4af2,2025-05-14 09:04:19,smartwatch,Find nearby clothing stores,Hindi,shopping,London,7.12,4.0,True,0.99,iOS 15
430,812a1f9b-1596-4802-b6dd-6257fb7d9f1c,2025-03-09 00:21:56,car assistant,Find nearest coffee shop,English,navigation,Delhi,1.48,4.0,True,0.62,Android 11
431,7010ed13-b526-422d-bf6c-21f70a0537f0,2025-06-20 15:42:28,smartphone,Set an alarm for 7 AM,Hindi,command,Tokyo,2.63,6.0,,0.55,
432,28a39779-9c1c-4517-85d2-d0a686295b5d,2025-05-22 07:46:29,smart speaker,Recommend a podcast,English,entertainment,Los Angeles,1.71,3.0,True,0.52,iOS 15
433,632dbb5e-486b-46bf-aafd-e7d95f733a3e,2025-06-08 18:00:24,car assistant,Show me comedy shows,Hindi,entertainment,Paris,4.46,4.0,True,0.79,
434,990f0c5b-adcc-4daf-969f-3ab3c6435300,2025-01-21 08:04:55,smart speaker,Play latest movie trailers,French,entertainment,Shanghai,6.44,4.0,True,0.72,iOS 15
435,55ab946d-a5b5-4dc2-a181-c85eca0ac6ac,2025-01-26 14:20:34,smart speaker,Play my favorite song,Mandarin,command,Tokyo,8.0,4.0,True,0.85,Android 11
436,adaa44ca-8ed6-4d5e-9831-8aa354669d19,2025-05-31 03:02:22,smartwatch,Show me comedy shows,Spanish,entertainment,New York,5.15,4.0,False,0.57,
437,da003f16-b946-4bcf-8082-cbb948bddb3e,2025-02-28 09:34:51,smartphone,Directions to nearest gas station,Spanish,navigation,Delhi,8.26,5.0,True,0.66,iOS 14
438,a9e27ba9-952e-4abb-94dd-5061555736f8,2025-02-24 22:12:28,car assistant,Turn off the lights,Hindi,command,London,2.24,4.0,True,0.63,iOS 14
439,f7baf55e-4f6b-48c8-998d-daeceaafe543,2025-06-02 05:18:47,smartphone,How to get to Central Park,French,navigation,New York,1.59,6.0,False,0.92,Android 11
440,f020e992-b576-455e-9854-9f222102f9c9,2025-02-02 21:38:18,smart speaker,Who won the game last night?,Mandarin,information,Delhi,4.89,6.0,True,0.52,Android 11
441,a4bbf962-606e-4e1c-8f15-84494f40c22f,2025-05-08 13:37:24,smartwatch,Directions to nearest gas station,Hindi,navigation,Tokyo,5.77,5.0,True,0.78,
442,b3ecb951-ab8c-4f97-a0b7-1785d02ce0c1,2025-07-24 10:20:29,smart speaker,Tell me news headlines,English,information,Tokyo,4.93,4.0,False,0.56,iOS 14
443,6c645c15-aba3-41cb-a561-e1e917ec889c,2025-07-17 11:27:22,smart speaker,Find nearest coffee shop,Hindi,navigation,London,1.69,4.0,True,0.79,Android 11
444,4f11d8dc-5cd3-4369-84aa-c1b75ca0c428,2025-03-12 00:10:19,smartphone,What's the weather like today?,Spanish,information,Paris,4.82,5.0,True,0.9,iOS 14
445,f29a6339-577b-455a-b6d5-5494f37fd50d,2025-07-08 20:22:24,smartwatch,What's the weather like today?,Hindi,information,New York,2.39,5.0,False,0.96,Android 10
446,23377bbc-fffe-47c8-b9fe-b99c31274148,2025-03-02 04:11:37,tablet,Play latest movie trailers,Hindi,entertainment,Paris,6.34,4.0,True,0.59,iOS 15
447,c9c23e69-d82c-4565-8bb9-07ec13c11754,2025-02-09 06:42:00,smart speaker,Play my favorite song,Hindi,command,Los Angeles,5.73,4.0,True,0.81,
448,d5ca69ab-8a2e-4a93-8558-0bb281f7f3fb,2025-07-24 11:37:49,smart speaker,Call Mom,Hindi,command,Shanghai,3.12,2.0,True,0.53,Android 11
449,e05b46c5-5636-4094-a974-31db09a9d1c1,2025-02-20 21:27:56,tablet,Navigate to airport,Spanish,navigation,Paris,3.97,3.0,True,0.62,
450,29890880-277d-4be9-a070-b6a198e52499,2025-03-12 05:36:23,smartphone,Show me comedy shows,Hindi,entertainment,Shanghai,2.88,4.0,True,0.67,
451,9feefdff-c566-4a81-b15e-54f6d4d30795,2025-03-06 06:56:12,car assistant,Call Mom,Mandarin,command,Los Angeles,4.87,2.0,True,0.66,iOS 15
452,692e07b6-0b2f-4d5c-b00b-5d5fb89f72f3,2025-05-22 11:30:59,smartphone,Set an alarm for 7 AM,Hindi,command,Shanghai,6.91,6.0,,0.88,iOS 15
453,f836f571-3cce-476c-b836-c448ad261ec5,2025-06-22 12:13:55,smart speaker,Who won the game last night?,Spanish,information,London,3.03,6.0,True,0.91,iOS 14
454,bfa016c2-c09c-4506-88f1-096d9c4ffb46,2025-06-24 08:18:42,smart speaker,Track my Amazon order,Mandarin,shopping,Tokyo,6.01,4.0,False,0.59,
455,4f3949a8-3d3a-4582-88b4-f4743be79df4,2025-07-02 03:32:32,smartwatch,Open the calendar,English,command,Paris,3.94,3.0,,0.97,
456,5e2ad32d-31ab-4b56-95c9-fdc7e76adca9,2025-06-21 02:39:55,smart speaker,Find nearby clothing stores,Hindi,shopping,Shanghai,3.41,4.0,,0.59,iOS 14
457,c7332304-4822-4120-84f9-eccd7630a8a7,2025-05-29 07:18:32,smartphone,Who won the game last night?,French,information,Los Angeles,4.79,6.0,True,0.76,iOS 14
458,f75d599f-6b2d-4b09-8707-9ad480be7e35,2025-03-04 22:29:29,smartwatch,Find nearby clothing stores,Spanish,shopping,London,2.93,4.0,False,0.96,Android 11
459,9acb394a-cd1f-4318-b31f-63fbd11fc8c0,2025-02-23 17:58:04,smartphone,Who won the game last night?,French,information,Paris,3.89,6.0,False,0.89,
460,a4244f23-0d5b-47cd-8000-35f0df7d0dd7,2025-07-06 15:25:46,smartwatch,How tall is the Eiffel Tower?,Hindi,information,Shanghai,2.6,6.0,True,0.67,Android 11
461,ef2ddcc4-8df6-41da-9f07-c1a5dfc620ce,2025-02-09 20:12:20,smart speaker,Navigate to airport,Hindi,navigation,Paris,8.93,3.0,,0.59,
462,d9e604b3-8412-4335-988c-656db61e5fdb,2025-02-18 10:04:51,car assistant,Turn off the lights,French,command,Tokyo,5.07,4.0,False,0.69,Android 11
463,290a3abb-c35b-4fea-9578-d70948f9e3d0,2025-04-16 22:35:57,smart speaker,Directions to nearest gas station,French,navigation,Delhi,3.6,5.0,True,0.52,
464,25b8a42f-836b-45c7-a7c2-25da73069588,2025-06-19 21:32:23,smartwatch,Find nearby clothing stores,French,shopping,New York,5.43,4.0,True,0.57,iOS 14
465,38d77b9a-e916-4a57-b248-23ab177a8a5f,2025-06-25 04:49:03,smart speaker,Play my favorite song,Spanish,command,Paris,4.78,4.0,True,0.91,Android 11
466,06d3db93-ee33-488d-997e-6845e27718c5,2025-06-11 03:07:10,tablet,How tall is the Eiffel Tower?,Spanish,information,Los Angeles,4.56,6.0,True,0.68,iOS 14
467,5fbbf0b1-8083-49c8-a57e-01c90da23e5c,2025-04-02 13:36:39,smartphone,Tell me news headlines,Hindi,information,Paris,6.23,4.0,True,0.98,Android 10
468,5ffa46ef-14e4-480c-be99-36a362dbc850,2025-03-29 04:51:10,tablet,Show me comedy shows,French,entertainment,Delhi,6.52,4.0,True,0.91,
469,195d82f8-ee4a-4b5d-9195-54e307374c86,2025-05-11 05:07:57,smart speaker,Navigate to airport,English,navigation,Tokyo,3.94,3.0,True,0.65,Android 11
470,09ce3cfb-2339-4a19-a563-7cc3ca97ebf5,2025-04-22 09:54:35,smartwatch,What's the weather like today?,Mandarin,information,Los Angeles,3.85,5.0,True,0.58,iOS 14
471,b231c60b-78f2-4e6b-946b-415deada79a3,2025-02-23 21:38:29,car assistant,How tall is the Eiffel Tower?,French,information,Shanghai,4.45,6.0,True,0.85,Android 10
472,72d78bdd-7817-49ff-b49e-04ccc24369e7,2025-01-03 00:56:40,smart speaker,Track my Amazon order,Spanish,shopping,New York,1.1,4.0,False,0.99,Android 10
473,41843b03-04dd-4054-9448-23f7e7e646c7,2025-03-25 18:02:52,car assistant,Buy new headphones,Mandarin,shopping,London,1.97,3.0,False,0.55,Android 10
474,f0b2a5d1-8c7e-4f42-a646-eaf9d5c0244d,2025-07-24 23:11:13,car assistant,Track my Amazon order,Spanish,shopping,New York,7.73,4.0,,0.5,iOS 14
475,49c10669-c6b3-4fe6-9c76-bdf66c5a6c93,2025-04-03 06:58:02,smartwatch,Track my Amazon order,Spanish,shopping,New York,8.29,4.0,True,0.6,Android 11
476,3d0a5f0c-0c39-4ec7-9f31-74054d183eba,2025-06-13 01:03:27,smartphone,Play latest movie trailers,Mandarin,entertainment,Tokyo,4.5,4.0,True,0.74,Android 11
477,750565f5-9f70-4368-8b3c-f8caa3925731,2025-01-25 09:24:18,smartphone,Track my Amazon order,Spanish,shopping,London,6.15,4.0,True,0.68,Android 10
478,7ff4cec6-e7b7-44c6-9631-2a801c612ec2,2025-07-28 04:23:00,smartphone,Call Mom,Hindi,command,London,5.62,2.0,False,0.92,
479,93364f7e-83ef-49f3-a1c7-cc8a04351b64,2025-04-04 23:01:36,smartphone,Directions to nearest gas station,English,navigation,Paris,11.16,5.0,,0.9,Android 10
480,6de299a1-4a90-4d0c-a4c1-73b9b7f28572,2025-01-01 14:34:50,car assistant,Route to home,English,navigation,Tokyo,7.24,3.0,True,0.91,Android 10
481,92170475-3d95-4e3f-9a52-26e69d642932,2025-06-11 18:41:29,car assistant,What's trending on Netflix?,Spanish,entertainment,Delhi,4.74,4.0,,0.54,iOS 14
482,15eacbcf-ab10-41ce-aa14-3cd82ff3cde4,2025-07-23 07:13:46,car assistant,Add milk to shopping list,French,shopping,Paris,3.09,5.0,True,0.57,Android 10
483,f4124360-1153-4e99-9c50-8720f982f4e0,2025-07-24 07:13:45,smart speaker,Find nearest coffee shop,Spanish,navigation,Los Angeles,1.79,4.0,True,0.71,Android 10
484,fd034ada-c952-4185-81e0-3a5e8b48f496,2025-07-17 03:23:07,smart speaker,Route to home,Mandarin,navigation,London,5.41,3.0,True,0.54,
485,df92a621-63f4-469d-8534-a1018ddce719,2025-07-02 13:58:35,tablet,Buy new headphones,Mandarin,shopping,Shanghai,3.49,3.0,True,0.96,iOS 14
486,fb25664d-630a-4767-a2bb-522b0b251279,2025-05-25 23:25:49,car assistant,Add milk to shopping list,Hindi,shopping,New York,2.16,5.0,True,0.57,
487,5b6a8102-0428-4378-bf50-23f440ef3935,2025-01-27 05:42:02,car assistant,Order me a pizza,English,shopping,Shanghai,3.71,4.0,True,0.89,
488,a837fe68-bba2-45ca-bdba-6da85844f9fc,2025-02-10 06:13:02,smartwatch,Show me comedy shows,Hindi,entertainment,Paris,2.84,4.0,True,0.79,Android 10
489,c1b5b5ca-bc35-46df-94f7-9dbac5811d2d,2025-05-10 03:17:53,smartphone,How to get to Central Park,Hindi,navigation,Los Angeles,8.37,6.0,True,0.8,Android 10
490,8bc78e81-5a30-4528-8b59-95622227219f,2025-05-12 11:29:20,smartphone,Show me comedy shows,Spanish,entertainment,New York,6.76,4.0,True,0.96,Android 11
491,d49405f0-2cd2-4404-a48e-40f1d0421dfa,2025-06-30 10:35:57,smartphone,Play my favorite song,Mandarin,command,London,4.98,4.0,True,0.93,iOS 14
492,a1b970d0-7a81-44de-b205-07bbfb16f757,2025-03-12 18:57:14,smart speaker,How to get to Central Park,Hindi,navigation,Tokyo,7.96,6.0,,0.63,Android 10
493,b74eba93-1027-4b53-a285-b2efcfbe4fe9,2025-06-27 17:52:58,car assistant,Who won the game last night?,Hindi,information,Los Angeles,5.15,6.0,True,0.87,
494,0b36e356-339b-47a8-8b1f-0d7b0977c513,2025-03-19 11:11:36,smartwatch,Define artificial intelligence,Spanish,information,New York,3.28,3.0,,0.85,Android 10
495,eef16694-50ca-432d-8aba-590ee2c328aa,2025-05-01 10:07:00,smart speaker,Add milk to shopping list,English,shopping,Los Angeles,8.05,5.0,False,0.94,iOS 15
496,d0be73ee-fd37-4539-a5f2-02f983f02dc7,2025-07-03 20:24:20,smartphone,Directions to nearest gas station,Hindi,navigation,New York,6.08,5.0,,0.85,Android 11
497,a59b457f-c0d7-4c73-895f-fa8140d92bce,2025-03-16 05:12:47,smartwatch,What's trending on Netflix?,Hindi,entertainment,Paris,2.93,4.0,True,0.84,iOS 15
498,c7e53bbb-dcb5-4c53-9b62-a8df493e904d,2025-01-19 13:33:57,smartwatch,What's trending on Netflix?,Hindi,entertainment,Los Angeles,4.62,4.0,True,0.79,Android 11
499,45f18619-54f9-4429-a7de-02ccdda4f4a7,2025-02-18 08:11:28,smartwatch,How to get to Central Park,English,navigation,London,3.25,6.0,True,0.69,iOS 15
500,e3b56360-6fdc-4bad-9e36-8127cca1b45c,2025-06-05 08:28:23,car assistant,Find nearest coffee shop,Spanish,navigation,Paris,2.23,4.0,False,0.63,Android 10
501,f4dbca07-e506-4670-b092-947dbe4969ec,2025-05-31 03:47:25,car assistant,What's the weather like today?,Hindi,information,Los Angeles,6.85,5.0,False,0.8,iOS 14
502,7f072cb9-2fd3-40c0-b945-f2fd56cb1ab0,2025-07-13 05:15:14,smart speaker,Open the calendar,Mandarin,command,Paris,8.82,3.0,,0.71,Android 10
503,84ef4324-cc1b-4157-ac9f-9c545e0a72ab,2025-04-14 14:01:01,smartwatch,Show me comedy shows,Spanish,entertainment,Delhi,2.2,4.0,,0.84,
504,6cac028c-ba22-4065-9526-0718cd180a82,2025-01-31 15:39:10,tablet,Order me a pizza,English,shopping,Shanghai,6.13,4.0,,0.78,
505,d284f54e-febe-40db-9a3a-61036e3c4532,2025-03-12 01:58:34,car assistant,Play my favorite song,English,command,Delhi,3.7,4.0,True,0.67,Android 11
506,1a43db54-523a-4993-8b34-46bc8ba435cc,2025-02-01 02:17:46,smartwatch,Play my favorite song,Mandarin,command,Los Angeles,4.03,4.0,False,0.76,iOS 15
507,4e76833a-4baf-4f5e-a932-009453f28f11,2025-06-23 04:14:10,smartphone,Track my Amazon order,Mandarin,shopping,Paris,3.82,4.0,False,0.86,Android 10
508,2aa93b43-6d15-416f-b7b8-c1a59a45693d,2025-06-22 09:31:33,smartwatch,Call Mom,Hindi,command,Delhi,3.27,2.0,True,0.79,
509,ba108217-0ad7-49a2-b277-16ec59fefbbc,2025-05-17 22:05:27,smart speaker,Turn off the lights,French,command,Paris,5.1,4.0,True,0.95,Android 11
510,46494296-6f58-42c3-bf86-cc319d66e815,2025-01-23 06:36:57,car assistant,Turn off the lights,French,command,Los Angeles,3.34,4.0,,0.55,iOS 15
511,67fd64c4-a334-458a-abd2-b5121335e5db,2025-05-22 02:18:18,smartwatch,Find nearby clothing stores,Mandarin,shopping,Paris,5.54,4.0,True,0.61,iOS 15
512,adedda80-bff9-407d-8d14-a03e83599af6,2025-03-04 03:11:03,smartwatch,Show me comedy shows,Mandarin,entertainment,London,4.9,4.0,True,0.65,iOS 14
513,d942644c-248d-41ec-87f8-d4f0f3ea0184,2025-06-20 04:04:00,tablet,Define artificial intelligence,French,information,Shanghai,4.52,3.0,True,0.74,iOS 15
514,3c6a3174-1136-44a5-a050-9c6208e895d7,2025-05-23 06:25:43,car assistant,Tell me news headlines,French,information,London,3.18,4.0,True,0.53,iOS 15
515,9136f1f8-f310-46dc-a202-bee65cb5e69c,2025-01-13 13:51:11,smart speaker,How to get to Central Park,Hindi,navigation,Shanghai,3.85,6.0,True,0.57,iOS 15
516,732e2016-add7-42c9-a747-b93c9ae77eab,2025-05-25 01:38:23,smartphone,Show me comedy shows,Spanish,entertainment,London,6.51,4.0,True,0.5,Android 11
517,13aec376-c359-410a-b1a6-014c5f3c44dc,2025-02-23 11:24:41,smart speaker,Route to home,Spanish,navigation,Delhi,6.0,3.0,True,0.56,Android 10
518,507b9072-65e5-4f34-9df0-6e8c878aaed9,2025-04-19 05:34:36,tablet,Recommend a podcast,Hindi,entertainment,Delhi,3.04,3.0,True,0.52,iOS 15
519,06a241af-1d0a-47f7-b5e4-a4713fe68c9c,2025-03-14 06:05:36,smartwatch,How tall is the Eiffel Tower?,French,information,Los Angeles,5.2,6.0,True,0.84,iOS 15
520,e9ddebf5-6311-4aca-848a-f4407fc15858,2025-02-15 17:36:43,smart speaker,Play my favorite song,Spanish,command,New York,6.5,4.0,True,0.75,Android 11
521,b43bd27f-42a2-49a6-8664-12854303cbc1,2025-06-23 07:34:00,smart speaker,What's the weather like today?,Mandarin,information,London,1.66,5.0,True,0.86,
522,491b90e9-9ca3-4bb3-bf11-c8ba36ee1640,2025-07-10 18:19:03,car assistant,Call Mom,Spanish,command,London,6.09,2.0,True,0.68,iOS 15
523,da52d2ee-22bf-48f5-9f65-2a87333ee344,2025-01-29 18:12:54,smart speaker,Play latest movie trailers,Spanish,entertainment,Los Angeles,3.67,4.0,False,0.61,iOS 14
524,b69f68c3-e60f-4420-ac33-350c73b911d8,2025-06-22 20:44:13,car assistant,Find nearby clothing stores,English,shopping,London,6.14,4.0,True,0.69,Android 11
525,ae92ea71-cf7d-4b43-9679-742fff4c96d6,2025-05-05 02:46:26,car assistant,Order me a pizza,French,shopping,New York,3.47,4.0,True,0.83,iOS 14
526,109fd8ee-b5a4-4200-98f0-dd23aaf78c67,2025-04-23 18:22:21,smartphone,Tell me news headlines,Hindi,information,Delhi,1.39,4.0,True,0.77,Android 10
527,28524385-d9f2-4d0d-8cc9-f5f2e42e5037,2025-03-09 14:38:44,smart speaker,Directions to nearest gas station,Mandarin,navigation,Delhi,1.74,5.0,True,0.83,Android 11
528,3967e60a-823d-4107-9c8a-c066cb2fafa3,2025-02-17 03:10:48,car assistant,Find nearby clothing stores,Hindi,shopping,Tokyo,5.1,4.0,True,0.76,
529,238d6f44-cac4-40eb-b373-730efc31a597,2025-04-02 22:32:28,smartphone,Set an alarm for 7 AM,English,command,Delhi,5.52,6.0,False,0.8,Android 11
530,5c63b6f3-06ba-4cd3-be78-38c9ca55e38b,2025-05-24 06:30:04,car assistant,How to get to Central Park,Hindi,navigation,London,3.19,6.0,False,0.52,Android 10
531,8d38bbd8-fba6-4bf7-8dbc-c65377a7e8b7,2025-02-20 09:33:19,smart speaker,Show me comedy shows,Spanish,entertainment,New York,6.28,4.0,True,0.84,iOS 14
532,10d4de39-1612-47c9-a25d-f9a89ca8a5c4,2025-05-01 02:47:54,car assistant,Who is the lead actor in Inception?,English,entertainment,Tokyo,1.68,7.0,True,0.54,iOS 14
533,b807d78a-b788-45d1-bfe5-75f665edcfe3,2025-07-05 21:28:55,smartwatch,Navigate to airport,Mandarin,navigation,London,4.87,3.0,True,0.53,iOS 15
534,68d0a2a8-c4e7-47dd-a929-de738693fd9d,2025-01-29 15:24:23,smartphone,Play my favorite song,Mandarin,command,Delhi,2.58,4.0,True,0.55,iOS 14
535,a4704d48-5128-49b1-b8ed-e0ca20156a72,2025-01-29 19:16:05,smartphone,Find nearest coffee shop,Mandarin,navigation,London,3.7,4.0,True,0.98,Android 11
536,8471b4b0-ae1b-4f69-b740-d83173318749,2025-05-14 19:06:37,smartphone,Play my favorite song,Spanish,command,New York,5.09,4.0,True,0.7,Android 10
537,c7bf4fbc-d43c-4d6d-a0c1-ff1e20da8972,2025-03-12 16:01:09,smartwatch,Recommend a podcast,Hindi,entertainment,Paris,3.28,3.0,False,0.56,iOS 14
538,6ec01269-2108-4dd9-b75d-1e3cc48d5650,2025-07-15 07:01:48,smart speaker,Tell me news headlines,French,information,Delhi,4.23,4.0,True,0.84,iOS 15
539,d4d60735-0e2f-4958-9e43-1e06e9247069,2025-02-18 05:15:55,car assistant,Show me comedy shows,French,entertainment,New York,7.01,4.0,False,0.74,Android 10
540,2a26f770-4ddb-4b36-a72c-058884a2576c,2025-03-04 21:38:29,smartphone,Recommend a podcast,English,entertainment,New York,3.85,3.0,,0.83,iOS 14
541,39b86bb2-b596-4a7c-af4a-fa885299e505,2025-05-15 09:10:07,car assistant,Add milk to shopping list,Spanish,shopping,Paris,6.67,5.0,,0.76,
542,e519dd7e-84d6-4c4f-b0df-1684f28e4122,2025-04-21 07:31:19,smartphone,Who is the lead actor in Inception?,Hindi,entertainment,London,2.74,7.0,True,0.57,
543,3240d7a1-4027-4b7d-9430-29a9d88f1c94,2025-04-17 14:04:08,car assistant,What's the weather like today?,Spanish,information,Shanghai,6.06,5.0,True,0.93,iOS 15
544,9d4b2bf9-4d85-49c7-a001-7720200b2903,2025-07-27 04:22:32,smartphone,Show me comedy shows,Spanish,entertainment,London,7.88,4.0,,0.53,iOS 15
545,2b2bb8e9-a417-4093-80a8-a23d17eaec83,2025-03-01 21:11:41,car assistant,Recommend a podcast,Spanish,entertainment,New York,1.46,3.0,True,0.72,Android 10
546,b87b6384-9fdd-4e2e-a8a2-b7ad2bd3cdcd,2025-05-12 02:50:33,tablet,Set an alarm for 7 AM,Hindi,command,Paris,3.41,6.0,True,0.55,Android 10
547,0a8bb5b4-9049-4583-ac86-a890d7b00bdc,2025-01-12 00:27:36,smartphone,Add milk to shopping list,English,shopping,Tokyo,6.15,5.0,True,0.9,
548,a4364fcd-f2d3-4761-8ba3-627914cb0564,2025-04-13 18:46:18,smartwatch,Add milk to shopping list,Spanish,shopping,Paris,4.59,5.0,True,0.98,Android 11
549,92779574-c457-4cc3-b5f7-89bca6b07458,2025-06-11 18:52:12,smartphone,Navigate to airport,Mandarin,navigation,Shanghai,5.74,3.0,True,0.8,Android 11
550,7f7f6c0a-07c0-4116-a394-ed549e3c5a88,2025-04-23 11:56:07,tablet,What's the weather like today?,Spanish,information,New York,3.79,5.0,,0.68,Android 11
551,7ba24588-4d56-4a3d-b4e7-069aa4540937,2025-04-06 02:25:39,car assistant,Buy new headphones,English,shopping,New York,5.17,3.0,False,0.75,Android 10
552,67f5ae02-af5b-4f47-8eae-71cfce000af0,2025-04-26 12:17:04,smartphone,Open the calendar,Spanish,command,Los Angeles,4.69,3.0,True,0.97,Android 10
553,0f5675f8-b048-4aa1-92ae-5c22741b77f5,2025-03-03 09:24:59,smart speaker,Who is the lead actor in Inception?,Mandarin,entertainment,New York,7.34,7.0,True,0.52,
554,76e5ae78-7bf7-41d3-aa66-2fce7089fc6d,2025-03-21 05:37:56,smartphone,Recommend a podcast,French,entertainment,Shanghai,5.51,3.0,False,0.98,iOS 14
555,5005680f-24c7-48a5-9b4e-164b5716dc2e,2025-05-05 00:14:40,car assistant,Define artificial intelligence,Hindi,information,Tokyo,5.68,3.0,True,0.74,
556,586a346a-dc5b-47d1-bcef-1972bbf483ce,2025-06-04 20:18:29,smart speaker,Find nearby clothing stores,Spanish,shopping,New York,4.18,4.0,True,0.83,
557,83d5bceb-5edb-48ee-82ba-f0e02179e3f0,2025-02-11 05:42:21,smartwatch,Track my Amazon order,Hindi,shopping,Shanghai,4.02,4.0,False,0.64,Android 11
558,1f5d988f-776a-4f09-bde2-885951b1943c,2025-04-14 21:01:00,smartwatch,Who is the lead actor in Inception?,Spanish,entertainment,Delhi,4.13,7.0,True,0.85,
559,18c8a616-2410-4e9a-bf77-9cae7318b96d,2025-01-20 15:40:31,smartwatch,Buy new headphones,French,shopping,Paris,5.79,3.0,False,0.6,
560,dd39d793-6257-44a2-b204-be894a4b5563,2025-06-12 09:17:53,smartwatch,Turn off the lights,Spanish,command,Shanghai,4.16,4.0,True,0.85,Android 11
561,e6fdd7af-dd84-4acc-b672-94643f8ea40a,2025-03-04 00:30:31,smartphone,Open the calendar,Hindi,command,Shanghai,5.58,3.0,True,0.97,Android 10
562,93e34c35-ef0a-473d-93d2-d56dd0401587,2025-05-02 10:42:51,car assistant,Call Mom,English,command,Shanghai,9.15,2.0,True,0.51,iOS 15
563,7f8e5483-28ca-4a1d-835b-ec2c3098f7b2,2025-07-19 21:34:59,smartphone,Who won the game last night?,Mandarin,information,Tokyo,6.74,6.0,False,0.99,Android 11
564,4efc8248-e10b-4a47-bfae-b7487781321e,2025-07-13 03:49:37,smart speaker,How tall is the Eiffel Tower?,Spanish,information,Tokyo,4.35,6.0,True,0.52,Android 10
565,64ab851b-f1fa-46e7-970d-750705eee1d4,2025-07-16 07:05:01,smartphone,Add milk to shopping list,Spanish,shopping,Paris,7.4,5.0,True,0.69,
566,3713b466-3da0-4476-b778-c676750d112e,2025-05-18 01:13:14,smartwatch,Tell me news headlines,Hindi,information,Delhi,4.18,4.0,,0.98,iOS 14
567,7eb162f1-4806-4804-8cf0-374c0c74dc0f,2025-07-02 18:11:14,smartphone,Turn off the lights,French,command,Tokyo,1.78,4.0,True,0.91,Android 11
568,d8e049de-0217-4a0e-8964-90ab4926ce5f,2025-02-11 17:56:43,car assistant,Add milk to shopping list,Spanish,shopping,Tokyo,2.98,5.0,False,0.65,iOS 15
569,43b47ee5-e1e8-4e7e-a249-8f666e51484d,2025-05-23 01:17:40,smartphone,Find nearest coffee shop,French,navigation,New York,1.26,4.0,True,0.52,Android 11
570,0b95017c-5dae-4201-a73b-a8bdc38c1dec,2025-06-05 13:41:28,car assistant,Turn off the lights,Spanish,command,Shanghai,4.3,4.0,,0.5,Android 10
571,31d4ee09-8fd3-4afc-91fd-fa4f0d18ab95,2025-05-21 18:57:59,smart speaker,Who won the game last night?,Mandarin,information,Shanghai,5.04,6.0,True,0.89,
572,62e7c1a6-12d2-4a06-89e1-cd138da00495,2025-07-15 20:00:07,smartwatch,What's trending on Netflix?,French,entertainment,London,8.35,4.0,True,0.89,Android 11
573,479bc637-8cc3-4f3b-83af-fcfe734a6ca3,2025-02-16 03:23:56,car assistant,Find nearest coffee shop,French,navigation,New York,5.65,4.0,True,0.58,
574,64d6dfbf-18c0-4e2b-b99f-070420f0156a,2025-05-25 22:27:38,car assistant,Play latest movie trailers,Mandarin,entertainment,Los Angeles,4.56,4.0,False,0.83,Android 11
575,8ece1128-56ce-4b42-bc9e-1dcbcb7e6268,2025-05-22 23:41:54,smartwatch,Turn off the lights,French,command,Shanghai,6.66,4.0,True,1.0,iOS 14
576,9a3b0319-32f5-4510-a4ee-b4a6c14565c7,2025-07-17 17:21:56,smartphone,Call Mom,Spanish,command,Paris,1.61,2.0,True,0.62,iOS 14
577,0b990034-0a4e-4552-8005-1b1066c14dca,2025-01-16 02:42:16,smartwatch,Play latest movie trailers,Hindi,entertainment,London,5.47,4.0,True,0.86,iOS 14
578,cdd0b4d4-5542-47de-b6ad-f48b2314d0c8,2025-07-03 23:36:55,car assistant,Open the calendar,French,command,Delhi,6.54,3.0,True,0.52,iOS 15
579,9b33e3a4-2620-49a9-b4fd-33d184f2fd0f,2025-07-20 04:51:42,smartwatch,Order me a pizza,English,shopping,Los Angeles,2.04,4.0,True,0.77,iOS 14
580,9cf20859-ee6e-4e72-93f5-91dc23c8afdb,2025-05-04 16:54:54,smart speaker,Navigate to airport,English,navigation,Los Angeles,7.29,3.0,True,0.91,Android 10
581,9dd2f9de-fd98-4e33-a498-abe92999bbef,2025-04-27 05:03:58,smartphone,Directions to nearest gas station,Hindi,navigation,Paris,5.68,5.0,,0.52,iOS 14
582,d40ac5e9-81df-4517-961c-921097fe56c5,2025-07-17 22:52:47,smartphone,How to get to Central Park,French,navigation,New York,4.17,6.0,True,0.91,Android 11
583,901bcdef-b56f-48ce-bd66-971e88476c56,2025-04-27 10:15:02,tablet,Recommend a podcast,Hindi,entertainment,Delhi,6.27,3.0,,0.51,iOS 14
584,5e4cb287-0442-41db-90d4-ea6779928faa,2025-05-09 15:22:36,car assistant,Define artificial intelligence,English,information,Tokyo,9.54,3.0,True,0.52,iOS 14
585,6aa26216-fada-48f5-9c0f-0bdcac7e937c,2025-04-30 11:45:54,smartwatch,Order me a pizza,Mandarin,shopping,Tokyo,5.36,4.0,,0.8,Android 11
586,df41e335-b9ae-48e4-a615-99c8cbf81f86,2025-01-11 08:22:10,tablet,Recommend a podcast,English,entertainment,Delhi,5.5,3.0,False,0.77,iOS 15
587,f791f1e5-43f9-4d6b-b97e-be8798cf1188,2025-03-30 08:51:23,tablet,Buy new headphones,Spanish,shopping,London,4.08,3.0,,0.98,iOS 14
588,7afeb114-9561-4813-8d25-9caab8adad87,2025-03-08 05:17:15,car assistant,Find nearby clothing stores,English,shopping,New York,3.3,4.0,True,0.79,Android 10
589,9ea7017c-b89f-4039-a107-cc4686341718,2025-05-28 15:37:50,car assistant,Order me a pizza,Mandarin,shopping,Los Angeles,6.66,4.0,,0.61,
590,3e00980e-ae44-4e21-9258-64f225d4a0fc,2025-01-13 06:15:30,smart speaker,Find nearest coffee shop,Spanish,navigation,Shanghai,3.29,4.0,,0.6,iOS 15
591,1c221cea-b355-46a5-b2bd-92f29293f705,2025-03-16 02:14:19,car assistant,Define artificial intelligence,Hindi,information,Paris,5.14,3.0,True,0.54,iOS 14
592,6b352f85-504e-4687-b0e7-e75604d9145e,2025-02-28 19:26:29,smartwatch,Who won the game last night?,French,information,Delhi,4.04,6.0,,0.68,iOS 15
593,690e7e62-3432-4ec6-b0c4-a01c69b7c0fa,2025-07-14 21:17:48,smartphone,Open the calendar,English,command,Los Angeles,5.96,3.0,,0.74,Android 11
594,78bb22a5-eba7-42d2-9c89-d374c66495a7,2025-01-25 04:30:13,car assistant,Open the calendar,Spanish,command,Shanghai,5.67,3.0,True,0.68,Android 11
595,35145890-84c8-4c46-a359-5fa4b4adaf89,2025-05-07 05:40:52,tablet,Directions to nearest gas station,Mandarin,navigation,Los Angeles,7.08,5.0,False,0.86,Android 10
596,8685abaa-7a76-4555-a987-b218ff84faef,2025-05-27 08:15:41,smartwatch,Turn off the lights,Mandarin,command,Delhi,3.98,4.0,True,0.72,Android 11
597,75ac824c-2c55-4ef7-b4e9-573450521700,2025-07-27 01:06:15,tablet,Order me a pizza,Spanish,shopping,Paris,4.46,4.0,True,0.54,Android 11
598,ad05b912-5ab2-4d4a-8bd8-8fcd57a2be4e,2025-04-13 16:02:02,smart speaker,Find nearby clothing stores,Mandarin,shopping,Paris,3.04,4.0,True,0.86,iOS 14
599,f5141058-3138-4975-bbf3-3a349c2dfa97,2025-04-06 17:43:29,car assistant,Define artificial intelligence,French,information,Delhi,4.11,3.0,True,0.61,iOS 14
600,3990e2c9-4c6a-40f4-8ede-c44d476cf68c,2025-04-26 13:58:07,car assistant,Open the calendar,French,command,Delhi,5.75,3.0,False,0.68,iOS 15
601,35102852-b474-4349-89fc-2cd8c56bad4c,2025-07-09 21:50:20,car assistant,Turn off the lights,Hindi,command,Shanghai,6.51,4.0,True,0.55,Android 11
602,8f7c1d59-594b-4a3a-bad4-65a15129950d,2025-04-17 04:48:32,car assistant,Who won the game last night?,French,information,Paris,3.16,6.0,False,0.88,iOS 15
603,ad371d9e-92cf-4021-9f33-242d49ac9087,2025-05-28 11:00:22,tablet,Find nearest coffee shop,French,navigation,Shanghai,6.74,4.0,False,0.87,Android 10
604,d1812f77-6500-4423-baeb-cd19e5508ea2,2025-05-15 00:53:17,smartwatch,Who won the game last night?,Hindi,information,Los Angeles,7.71,6.0,True,0.63,iOS 15
605,257f7595-cdfb-4db9-85e7-8b23f4613f09,2025-04-23 19:12:53,smartphone,Route to home,Mandarin,navigation,Delhi,5.83,3.0,True,0.96,iOS 14
606,b6d1f6bb-f48f-409c-89a2-24410ac4de85,2025-01-31 16:36:27,smartphone,Set an alarm for 7 AM,French,command,Paris,8.75,6.0,,0.92,Android 11
607,a7edc8d8-713f-4f8c-ac8b-e53758ab4778,2025-04-10 14:13:51,car assistant,Add milk to shopping list,Spanish,shopping,Delhi,3.45,5.0,True,0.68,iOS 14
608,33baba88-36c7-46fa-baa4-f052bf519362,2025-07-29 03:54:36,car assistant,Call Mom,Spanish,command,Shanghai,2.51,2.0,True,0.68,Android 11
609,b2384849-8fe0-49b6-aeda-a8024568f426,2025-04-16 11:41:44,tablet,What's trending on Netflix?,English,entertainment,Shanghai,1.44,4.0,False,0.72,iOS 15
610,bdab07e7-9d9d-428e-9bf6-45f623245211,2025-04-03 22:16:13,smartphone,Buy new headphones,Spanish,shopping,Los Angeles,7.99,3.0,False,0.58,
611,e7ba26ac-ab7a-4d1c-8cfe-f6833e11bafe,2025-07-26 05:39:55,smartphone,Navigate to airport,Mandarin,navigation,Paris,6.31,3.0,True,0.74,Android 10
612,0d700ea4-3b9b-4d45-a350-55e439c59df9,2025-02-08 21:54:45,tablet,Route to home,Spanish,navigation,Paris,4.89,3.0,True,0.51,iOS 14
613,78ef7666-b7a4-4719-948e-1f6b69ce1e4e,2025-02-09 01:08:47,smart speaker,Add milk to shopping list,Spanish,shopping,Los Angeles,5.56,5.0,True,0.52,
614,01539221-2331-4a28-8550-eca8ae62990c,2025-03-03 08:07:03,smart speaker,Who won the game last night?,Mandarin,information,Los Angeles,2.75,6.0,True,0.98,
615,e1721c83-ef5e-4376-a723-fb72682b163a,2025-07-04 17:50:31,car assistant,How tall is the Eiffel Tower?,English,information,Los Angeles,9.89,6.0,True,0.8,Android 10
616,c1836315-330f-4be1-a689-b4247a3a10e1,2025-04-22 13:19:04,tablet,Find nearest coffee shop,Hindi,navigation,Shanghai,5.26,4.0,False,0.9,iOS 15
617,0f25477d-a559-40e7-8910-fade52380bf2,2025-02-04 17:50:03,car assistant,Buy new headphones,Spanish,shopping,Paris,5.22,3.0,,0.96,
618,88ffbd40-3b72-486d-92fa-675fa6fd0cb1,2025-01-15 11:38:41,car assistant,Who won the game last night?,Hindi,information,Delhi,6.45,6.0,False,0.55,iOS 15
619,6afa828c-2cd1-4b9f-abe5-841fe9c96c52,2025-03-10 06:28:10,car assistant,Track my Amazon order,Spanish,shopping,Shanghai,5.96,4.0,True,0.59,
620,ff46a6bf-094d-416d-ab6d-2fedef158d5b,2025-06-04 04:15:27,car assistant,Define artificial intelligence,French,information,Tokyo,5.45,3.0,True,0.55,iOS 15
621,efc59738-2fb2-4e66-bed1-7aabc9b7c9bc,2025-04-23 10:01:39,car assistant,Order me a pizza,Hindi,shopping,Shanghai,3.42,4.0,True,0.69,iOS 14
622,4c636e95-025f-4543-8997-623ae0723d96,2025-02-11 16:06:53,car assistant,Who is the lead actor in Inception?,Hindi,entertainment,Tokyo,5.94,7.0,True,0.68,
623,48d90846-55c5-41fc-bba5-7cc8edaf3766,2025-06-26 10:50:25,smartphone,Who is the lead actor in Inception?,Mandarin,entertainment,Delhi,8.76,7.0,False,0.96,iOS 14
624,8639bd41-8b15-4d94-a42d-0cd7fd359f6a,2025-07-11 19:35:50,smartwatch,Add milk to shopping list,Hindi,shopping,London,7.69,5.0,False,0.5,iOS 14
625,d9df0d0e-225a-4d6c-b045-8043e3a68a70,2025-07-15 19:36:09,car assistant,Order me a pizza,French,shopping,New York,8.19,4.0,True,0.83,Android 11
626,cf0e6d2b-315c-467a-85d8-a6ad77d0359e,2025-02-13 17:56:38,tablet,Set an alarm for 7 AM,Spanish,command,Delhi,3.98,6.0,True,0.63,
627,757b6b29-bb2a-4146-a999-394c54a7b69b,2025-04-10 21:52:56,tablet,Buy new headphones,French,shopping,London,3.02,3.0,True,0.88,Android 10
628,bc92fd81-039b-458c-afaa-be0bb7f60cdf,2025-05-11 22:06:47,car assistant,Track my Amazon order,Spanish,shopping,London,4.75,4.0,True,0.78,Android 11
629,aca58d95-915a-4c30-8b86-b5a1ca6fbff8,2025-03-17 00:23:37,smartwatch,Buy new headphones,Hindi,shopping,Paris,5.11,3.0,False,0.93,iOS 14
630,a383889a-db2c-4ac8-9c67-83932ced3c0d,2025-06-07 11:26:39,smart speaker,Who is the lead actor in Inception?,English,entertainment,Los Angeles,7.19,7.0,True,0.7,Android 11
631,53f30073-83e9-4ef4-ad7d-f5d0d3b59af7,2025-02-03 16:27:16,car assistant,Order me a pizza,Spanish,shopping,Delhi,1.62,4.0,True,0.9,iOS 15
632,2f4dd219-186b-4880-ab54-5a15669d01ff,2025-02-24 14:35:51,tablet,Track my Amazon order,English,shopping,New York,8.06,4.0,,0.61,iOS 14
633,3f800385-ef92-40b6-92d7-8f107a3a6e96,2025-01-03 15:39:40,car assistant,Tell me news headlines,Hindi,information,Shanghai,4.68,4.0,True,0.64,
634,725d4259-3c4b-4eec-a231-ee7342c2d2eb,2025-04-14 16:34:02,smartphone,Navigate to airport,Hindi,navigation,New York,4.15,3.0,False,0.93,
635,951c25d5-4d4c-4280-9462-52e7f43ba052,2025-01-05 10:35:19,smartwatch,Directions to nearest gas station,French,navigation,Shanghai,2.98,5.0,True,0.85,
636,b1594847-5c0b-4b10-a757-cb1042f525b9,2025-04-02 18:29:58,smart speaker,How tall is the Eiffel Tower?,Spanish,information,Paris,1.69,6.0,True,0.99,iOS 14
637,77242041-1e43-4bd2-aaf4-07f70fe76149,2025-04-30 03:38:32,smartwatch,Show me comedy shows,Hindi,entertainment,Delhi,6.65,4.0,True,0.6,iOS 14
638,80a52e65-afa2-4559-a7c9-620428e333b6,2025-05-01 18:31:28,smartphone,Define artificial intelligence,Mandarin,information,Paris,5.15,3.0,True,0.96,Android 11
639,ea87855e-a382-45d3-9e0e-f546b0b6dedf,2025-04-25 13:56:59,smartwatch,Turn off the lights,French,command,Los Angeles,2.42,4.0,True,0.96,
640,3818cfd3-3889-436a-9d58-17e85e175b66,2025-02-21 20:57:04,smartphone,Turn off the lights,Hindi,command,Shanghai,2.41,4.0,True,0.78,
641,bf6b8cdf-7479-4b61-a737-2b527a6a2107,2025-05-26 02:26:09,smartwatch,Set an alarm for 7 AM,French,command,London,4.33,6.0,True,0.91,
642,e9ad0e9b-8c9a-41e9-b3b2-63376a74dbb7,2025-07-02 20:26:08,smartwatch,Recommend a podcast,French,entertainment,Delhi,8.34,3.0,False,0.88,Android 10
643,aa0217d0-cd4f-4b2b-899a-c252c1e1b94a,2025-03-26 19:44:37,tablet,Order me a pizza,Hindi,shopping,New York,4.48,4.0,,0.53,iOS 15
644,c1369c65-ae2a-4341-bf59-e4f2c3093b6e,2025-02-01 19:05:11,smart speaker,Call Mom,Mandarin,command,Shanghai,1.99,2.0,True,0.5,Android 11
645,b42a0456-8736-4a84-b25e-134d86879aa9,2025-05-21 12:04:45,smart speaker,Set an alarm for 7 AM,Hindi,command,Paris,4.51,6.0,,0.54,iOS 15
646,1cb9b73a-906d-4c8c-aad0-8c8913fe8a29,2025-01-24 23:37:36,tablet,Play my favorite song,Spanish,command,Shanghai,4.45,4.0,,0.59,iOS 15
647,8167999f-e723-4da3-8c32-bdb2d42a895e,2025-03-20 12:14:15,tablet,Find nearest coffee shop,Spanish,navigation,Tokyo,1.27,4.0,False,0.6,iOS 15
648,2a1f1b61-265c-49d9-8962-8f6e929c93b3,2025-05-08 10:16:40,car assistant,Turn off the lights,English,command,New York,4.89,4.0,True,0.84,Android 10
649,1dc1e7eb-711c-4673-8535-1a69dabf984e,2025-03-21 18:28:50,car assistant,Define artificial intelligence,English,information,Tokyo,4.54,3.0,True,0.69,Android 11
650,1747f387-7d23-4479-9549-2a82b787ef8d,2025-07-18 05:02:35,tablet,Buy new headphones,Hindi,shopping,Los Angeles,6.39,3.0,True,0.64,iOS 15
651,741423b5-0e3e-45f2-8f06-71c7720b274b,2025-02-21 05:48:37,car assistant,Directions to nearest gas station,French,navigation,Tokyo,8.7,5.0,True,0.74,
652,905c7bdd-74f0-4eae-aa59-43ce836435e3,2025-01-23 10:08:44,smartphone,Buy new headphones,Hindi,shopping,Tokyo,7.25,3.0,False,0.73,iOS 14
653,ce920136-ac3a-412f-b65e-6cb58f0d5540,2025-04-30 16:20:54,car assistant,Show me comedy shows,English,entertainment,New York,4.46,4.0,False,0.69,iOS 14
654,41241bb4-655c-4508-8592-bfa5b928e23f,2025-01-02 04:06:22,smartwatch,Open the calendar,Mandarin,command,Los Angeles,2.79,3.0,True,0.63,Android 11
655,12b2102d-940c-4503-b7c8-6152beed0af9,2025-01-18 14:07:53,tablet,Buy new headphones,Mandarin,shopping,Los Angeles,10.15,3.0,True,0.71,Android 10
656,105291d3-b34c-4c73-9833-0b306c776e95,2025-07-30 04:00:33,smartwatch,Call Mom,Mandarin,command,Delhi,5.12,2.0,False,0.79,
657,e4eb8000-ef40-4162-8f6c-e9bffe7ee362,2025-01-27 19:18:18,smart speaker,How tall is the Eiffel Tower?,Spanish,information,Shanghai,5.03,6.0,True,0.93,iOS 15
658,081fc6dc-78d9-488a-af0b-ea4ffc737d92,2025-04-22 11:52:45,smart speaker,Navigate to airport,English,navigation,Los Angeles,4.95,3.0,True,0.75,
659,22ab7752-c4db-4a62-ae13-418d68ab80ea,2025-06-13 06:03:26,car assistant,Call Mom,Mandarin,command,London,5.4,2.0,True,0.93,iOS 14
660,61ea2f30-e42e-407a-be2b-d9875fdcabbf,2025-06-24 04:40:08,tablet,Who won the game last night?,English,information,Los Angeles,4.71,6.0,,0.74,iOS 14
661,60a399d4-e821-4716-aac8-0da1de9f6f5b,2025-05-26 21:16:12,tablet,Play my favorite song,Mandarin,command,London,3.85,4.0,True,0.78,Android 11
662,a96b3c42-f6d2-4a7b-aec7-6a82148b4376,2025-07-29 10:38:34,smartwatch,Tell me news headlines,English,information,London,3.91,4.0,True,0.6,
663,59077299-dc3b-4dd8-a74e-02a9220b9ea9,2025-02-16 01:44:28,car assistant,How to get to Central Park,Mandarin,navigation,London,4.93,6.0,True,0.74,Android 10
664,649f7d88-8989-45ab-be2b-34d82db0728d,2025-07-25 09:10:11,smartphone,What's trending on Netflix?,Mandarin,entertainment,Delhi,3.91,4.0,False,0.93,Android 11
665,390239d9-fa8d-4e42-ba54-e9202099d180,2025-01-02 08:22:24,tablet,Add milk to shopping list,Hindi,shopping,Tokyo,3.57,5.0,True,0.54,Android 11
666,4c61845e-fa7e-4d94-85d1-fb63c194f97f,2025-06-29 19:30:32,smart speaker,Play my favorite song,Mandarin,command,Paris,5.21,4.0,,0.8,Android 10
667,6c93a791-8b60-4511-b816-8aebac6a7c85,2025-07-26 13:58:50,smartwatch,Show me comedy shows,French,entertainment,Shanghai,4.49,4.0,True,0.71,iOS 15
668,3f5cf2f3-3acb-43a3-92c7-bffb6118433b,2025-06-28 21:20:19,smartphone,Find nearest coffee shop,Mandarin,navigation,Paris,8.01,4.0,True,0.61,Android 10
669,3040413c-4690-4b15-a7b6-08dc589decb0,2025-02-13 19:47:17,smartphone,What's the weather like today?,Hindi,information,Shanghai,1.05,5.0,True,0.76,iOS 14
670,6b535a19-a902-473f-8f39-f648083f64c3,2025-01-07 01:49:45,smartphone,Open the calendar,Spanish,command,New York,7.18,3.0,True,0.65,iOS 15
671,19d45deb-1139-4a12-b4c1-c3ea3d9c4e64,2025-01-14 00:57:12,smartwatch,Who is the lead actor in Inception?,Spanish,entertainment,Shanghai,7.49,7.0,False,0.51,Android 11
672,b40a9181-ac09-4db7-9908-6e477249f62c,2025-01-19 21:41:46,smartwatch,Recommend a podcast,French,entertainment,London,1.55,3.0,False,0.98,
673,66fadca0-0b53-4932-bd94-19aa3ea6e5b2,2025-06-20 11:25:47,smart speaker,Add milk to shopping list,Hindi,shopping,Paris,4.31,5.0,True,0.72,
674,c11f6bf5-379e-4467-8a2d-b2e63bfda8a6,2025-01-22 22:05:47,smartwatch,Call Mom,French,command,Los Angeles,4.26,2.0,True,0.72,Android 11
675,4a0d2b73-fe54-4e4b-80ff-517323dfecd7,2025-04-01 22:32:36,tablet,Turn off the lights,Mandarin,command,New York,2.18,4.0,True,0.76,iOS 15
676,937bf79b-bb44-4adc-aa98-fef8d0d75e37,2025-05-04 20:23:52,smartwatch,Call Mom,French,command,New York,3.44,2.0,True,0.97,Android 10
677,ac2b0cfc-c5c5-4060-9911-21e793d563ae,2025-05-05 12:48:55,smartwatch,Tell me news headlines,Mandarin,information,Shanghai,2.78,4.0,False,0.9,
678,24acb722-e052-4739-8d40-6f1b3ca5be29,2025-07-22 10:24:43,smartwatch,Navigate to airport,French,navigation,Delhi,8.5,3.0,True,0.62,Android 10
679,46707cd6-4ced-4164-a9df-14e9389641dd,2025-01-24 16:09:58,tablet,How to get to Central Park,English,navigation,Delhi,6.87,6.0,False,0.76,
680,e134edfc-9777-4f10-b2d2-393f8e85140d,2025-03-10 00:21:34,smartwatch,Open the calendar,Mandarin,command,Delhi,7.54,3.0,False,0.93,iOS 15
681,8e4c3ab5-6d5d-4477-adc2-9178a0411612,2025-07-12 11:31:14,smart speaker,Set an alarm for 7 AM,Hindi,command,Shanghai,6.44,6.0,True,0.64,
682,f10bce9c-582b-41ee-b8e8-035b0c00988a,2025-05-29 00:37:07,tablet,How to get to Central Park,English,navigation,Los Angeles,2.74,6.0,True,0.98,iOS 14
683,b2414482-5198-44d8-8643-3603c92a7d7c,2025-06-11 16:25:36,smart speaker,How tall is the Eiffel Tower?,Mandarin,information,Los Angeles,3.95,6.0,True,0.86,iOS 15
684,605fb1eb-4cc5-4e0d-a633-20186883ac6e,2025-03-13 09:52:34,smartphone,Directions to nearest gas station,Hindi,navigation,Los Angeles,5.98,5.0,,0.71,Android 10
685,3db0174e-7938-478a-89b5-aab0c12169db,2025-03-29 12:21:48,smartwatch,Play latest movie trailers,Mandarin,entertainment,New York,2.56,4.0,False,0.53,Android 10
686,24f43c62-b523-40de-9b87-d29c4cfd0fc1,2025-06-29 19:42:26,smartphone,Track my Amazon order,Spanish,shopping,Los Angeles,6.43,4.0,,0.91,iOS 14
687,69a53b4f-8ff8-469d-8ec0-713dea2c7a51,2025-06-11 18:08:04,smartphone,Navigate to airport,Hindi,navigation,Los Angeles,4.52,3.0,True,0.6,iOS 14
688,636f6e5c-2253-4706-87ad-8b268eaa5841,2025-04-05 07:36:19,car assistant,Navigate to airport,Hindi,navigation,Paris,4.25,3.0,,0.97,iOS 15
689,a58e83dd-548c-4d84-b40d-e04941476506,2025-01-31 16:59:23,smartphone,Add milk to shopping list,English,shopping,London,6.42,5.0,True,0.82,iOS 15
690,5efeef4f-d8dd-4bc0-b325-3aa3ec170298,2025-02-05 21:49:36,smartwatch,Who won the game last night?,English,information,Los Angeles,5.89,6.0,True,0.66,iOS 15
691,30c36756-d453-4867-b97e-6224891f6912,2025-01-21 00:21:22,smartwatch,Order me a pizza,Hindi,shopping,Tokyo,4.28,4.0,False,0.5,iOS 14
692,9adf4709-ac75-4344-a08e-149e44b9e602,2025-01-16 08:36:35,car assistant,What's trending on Netflix?,Spanish,entertainment,London,7.32,4.0,True,0.62,Android 10
693,cdfd9531-302b-4831-92a1-fe7ddfa59722,2025-03-26 06:44:26,smartphone,Buy new headphones,English,shopping,New York,2.84,3.0,,0.82,
694,e8334da5-de95-4695-b579-c1437ab99428,2025-05-10 07:27:08,smartphone,Navigate to airport,Spanish,navigation,London,6.23,3.0,True,0.89,Android 11
695,03ece8ff-e8b3-4763-b4ff-3f3a4d9dbaeb,2025-03-24 06:11:29,tablet,Directions to nearest gas station,Hindi,navigation,London,6.19,5.0,False,0.63,iOS 14
696,bdd151b0-f64a-46ec-b0a5-648eefe9b3d0,2025-02-15 13:27:58,tablet,What's trending on Netflix?,Mandarin,entertainment,Shanghai,4.38,4.0,True,0.59,iOS 15
697,7a9a8ef5-c11b-41c4-bfe3-f366bf337a15,2025-04-05 05:07:56,car assistant,Play my favorite song,Hindi,command,London,5.65,4.0,True,0.96,
698,345af934-b42a-4d93-9aba-0f15b2149062,2025-06-04 00:52:43,smart speaker,Define artificial intelligence,Spanish,information,Delhi,2.5,3.0,,0.91,
699,52555c75-8d55-419e-bd44-cb2cea45ba41,2025-04-20 22:18:10,smartwatch,Play latest movie trailers,French,entertainment,Delhi,6.85,4.0,False,0.94,
700,a6129a1c-889d-4b76-b75c-30b561730c48,2025-05-20 12:32:30,smartwatch,Find nearby clothing stores,Mandarin,shopping,Paris,4.63,4.0,True,0.83,
701,8347f1da-5c11-4b6d-82f5-b3f54ef4c34d,2025-07-13 02:57:37,tablet,Route to home,Hindi,navigation,Tokyo,3.95,3.0,True,0.58,Android 11
702,fb37afae-cd85-43ca-993e-638d774c0afa,2025-07-02 07:58:04,smartwatch,Show me comedy shows,English,entertainment,New York,7.1,4.0,True,0.83,iOS 14
703,ea11905b-51fa-4efa-96f8-9f7ac2fa1da8,2025-03-20 21:17:07,smart speaker,Directions to nearest gas station,Spanish,navigation,New York,3.59,5.0,True,0.6,iOS 14
704,0bb401e7-69f7-43f1-901b-a8515ee68495,2025-03-27 22:25:26,car assistant,Recommend a podcast,French,entertainment,Shanghai,2.18,3.0,True,0.63,Android 11
705,42c21797-0426-4cc9-a55b-30e2bdc2b74b,2025-06-12 04:06:35,smart speaker,Order me a pizza,English,shopping,Los Angeles,1.89,4.0,True,0.96,iOS 14
706,54720d2d-3239-4ffb-a704-6f254b91b8cb,2025-03-31 07:55:44,tablet,How tall is the Eiffel Tower?,French,information,Paris,6.21,6.0,True,0.91,iOS 14
707,3ee82983-d557-4241-91dd-b9bf613d2de9,2025-07-13 21:49:37,car assistant,Open the calendar,English,command,Paris,2.44,3.0,True,0.92,iOS 14
708,af521b94-f186-447a-a794-63208cf6e8b8,2025-05-12 02:19:37,smart speaker,Order me a pizza,English,shopping,Paris,8.51,4.0,False,0.77,iOS 15
709,7d1645a0-d253-4966-836b-9a0a41e02a89,2025-07-10 12:40:56,smart speaker,Find nearby clothing stores,French,shopping,Paris,1.95,4.0,True,0.87,Android 10
710,cb8383f2-bb96-4602-ab11-5c3675f8e3a8,2025-05-17 18:31:11,smartphone,Buy new headphones,Hindi,shopping,Paris,8.39,3.0,True,0.94,iOS 15
711,8bea75c1-b866-47aa-a3d4-526b2b54ff7a,2025-07-09 15:26:16,smart speaker,Track my Amazon order,French,shopping,London,5.42,4.0,False,0.77,
712,8ac97b01-e3ad-44d4-aab9-eb022f1dc121,2025-01-23 19:25:20,tablet,Play my favorite song,French,command,London,4.81,4.0,,0.71,Android 10
713,d8c128e7-d6cd-4155-88a8-ac7f862138ad,2025-01-29 20:48:34,smartwatch,Find nearby clothing stores,French,shopping,Shanghai,3.91,4.0,False,0.69,
714,0c6b7074-ab10-4c9b-9168-2e09f1f7d904,2025-01-03 11:30:05,smartwatch,Call Mom,Hindi,command,Delhi,5.8,2.0,True,0.86,Android 11
715,a175a9c3-d7b1-42a9-a332-a50e6992896e,2025-03-31 21:06:56,car assistant,Define artificial intelligence,Spanish,information,London,4.92,3.0,True,0.65,iOS 15
716,02571851-26a9-4100-b509-109b116658ce,2025-03-26 22:36:54,smart speaker,Set an alarm for 7 AM,Mandarin,command,Shanghai,7.21,6.0,True,0.78,
717,0f79a8a7-5f8a-44bd-b4bd-0c938177b661,2025-07-07 15:47:20,smart speaker,What's the weather like today?,Hindi,information,London,5.23,5.0,False,0.57,Android 11
718,01b158e9-0406-4f44-bce4-0679a8c6dbc0,2025-07-26 16:34:47,car assistant,Find nearest coffee shop,Mandarin,navigation,Tokyo,5.3,4.0,,0.55,Android 10
719,04482a22-0308-4a5e-a94d-7b008d388327,2025-07-25 14:31:48,car assistant,Directions to nearest gas station,Mandarin,navigation,Tokyo,4.27,5.0,True,0.59,
720,fa3c1628-8926-41df-8655-68b7b8e19f56,2025-04-22 08:07:51,smartphone,Buy new headphones,English,shopping,Paris,4.89,3.0,True,0.69,iOS 14
721,b2a6e468-d02b-4243-8091-3ac10463750e,2025-06-17 05:13:59,smartwatch,Call Mom,Hindi,command,Tokyo,5.62,2.0,True,0.93,iOS 15
722,2de46e91-e8e6-4840-b090-f5a0ce610199,2025-02-11 13:27:55,car assistant,Tell me news headlines,English,information,London,1.58,4.0,True,0.52,
723,261e2555-863e-4f2a-98a8-06efeb053fc4,2025-04-04 13:59:32,car assistant,How to get to Central Park,French,navigation,Paris,2.3,6.0,False,0.58,Android 10
724,409e7a80-86c5-41d6-9ea9-f50831227592,2025-05-18 15:37:49,tablet,Add milk to shopping list,French,shopping,New York,6.49,5.0,False,0.72,Android 10
725,143a9aff-659b-4105-8b80-f288446f64dd,2025-05-25 21:05:33,smart speaker,How to get to Central Park,English,navigation,Delhi,5.34,6.0,True,0.87,
726,90a3fbbf-7580-4050-a7f1-698cf5948a54,2025-04-05 10:51:42,tablet,Set an alarm for 7 AM,Hindi,command,Shanghai,4.63,6.0,True,0.89,iOS 15
727,4ccb2355-39d1-47ff-b27e-1442fd7fe973,2025-02-01 07:24:14,smart speaker,What's trending on Netflix?,Spanish,entertainment,Delhi,5.04,4.0,True,0.83,iOS 15
728,a65f7b8a-dbb4-4021-bdde-64afa75b395a,2025-01-13 07:19:15,car assistant,Add milk to shopping list,Spanish,shopping,Los Angeles,5.7,5.0,True,0.63,Android 10
729,608e2f5c-6117-4270-a7c0-518b17efa621,2025-07-04 20:41:20,smartwatch,Order me a pizza,English,shopping,Paris,3.92,4.0,True,0.71,Android 11
730,b3eda8f1-026b-4383-a301-ec030e5d8c6a,2025-03-08 13:24:38,smart speaker,Play my favorite song,French,command,Paris,3.44,4.0,True,0.88,iOS 15
731,6f14b3f6-d867-488b-bff6-b824152aeaec,2025-05-09 15:39:57,smartwatch,Track my Amazon order,French,shopping,Los Angeles,5.39,4.0,True,0.52,iOS 15
732,f94d8fcb-dba3-496f-ba32-3f6990dbfad6,2025-02-07 00:50:12,smart speaker,Turn off the lights,English,command,New York,3.04,4.0,True,0.62,
733,0ae4ac11-eb4d-4f42-8735-70a2e5110961,2025-03-31 05:34:44,smart speaker,Set an alarm for 7 AM,Mandarin,command,Paris,5.82,6.0,True,0.65,Android 10
734,b139c476-de3c-488b-a6b9-d31a361f6d90,2025-07-04 15:59:02,smartphone,Turn off the lights,French,command,Los Angeles,1.59,4.0,False,0.77,Android 11
735,13087974-ec95-43ac-8beb-7c3445667c48,2025-04-19 21:15:57,car assistant,What's trending on Netflix?,Spanish,entertainment,Paris,7.06,4.0,True,0.69,
736,a879d8f8-9042-4eb7-8b04-0f53e63949d4,2025-01-13 18:40:00,smartphone,Turn off the lights,English,command,London,5.95,4.0,False,0.89,
737,508211a5-d9b5-4f84-adc3-a1c32dea2d2d,2025-01-07 01:56:38,smartwatch,Tell me news headlines,English,information,New York,5.51,4.0,True,0.83,Android 11
738,24e9bcfd-9647-4f9f-b508-507af622d842,2025-06-04 16:23:16,smartphone,How tall is the Eiffel Tower?,Hindi,information,Los Angeles,6.97,6.0,True,0.75,iOS 14
739,299656e2-4c9d-4907-93b2-2cecedcabf94,2025-04-04 09:21:47,smartwatch,What's trending on Netflix?,French,entertainment,New York,8.33,4.0,False,0.6,Android 10
740,639fc471-d975-4f00-95ab-a8ae9112fbc0,2025-07-29 22:24:25,car assistant,What's the weather like today?,Spanish,information,Shanghai,7.03,5.0,,0.67,Android 10
741,bd5ff093-c16f-4bcc-a243-bed754ec3f33,2025-02-24 08:26:02,smart speaker,How tall is the Eiffel Tower?,Mandarin,information,London,1.32,6.0,,0.62,
742,b962c8a7-b076-47dc-bd0c-e433ca5e151b,2025-01-31 10:59:56,smartwatch,How tall is the Eiffel Tower?,Hindi,information,Tokyo,2.44,6.0,True,0.97,Android 11
743,588a3f87-f96d-40f8-bed6-3da08033f5c2,2025-01-21 20:29:13,smart speaker,How to get to Central Park,Hindi,navigation,Paris,3.75,6.0,False,0.54,Android 10
744,d6b361e4-3b6d-4a0d-afe5-040b1901ef87,2025-01-30 12:32:29,car assistant,Find nearby clothing stores,Hindi,shopping,Los Angeles,5.05,4.0,True,0.58,Android 11
745,9d264599-c4dd-4df5-9aec-56a857311609,2025-06-04 01:32:25,car assistant,Call Mom,French,command,Los Angeles,6.04,2.0,False,0.83,
746,07958c1f-538d-4b8c-8607-b1e9f80b2cea,2025-04-17 03:35:33,car assistant,Find nearest coffee shop,Mandarin,navigation,Paris,3.55,4.0,True,0.95,Android 10
747,7d98302f-7357-41e5-be1a-1ba9c8969c5b,2025-03-30 14:24:14,smart speaker,Find nearby clothing stores,Mandarin,shopping,New York,5.37,4.0,True,0.77,iOS 14
748,601bfbcb-f0ee-4cce-8d93-e14a5b167158,2025-06-17 17:06:52,smart speaker,Turn off the lights,English,command,Tokyo,3.49,4.0,,0.94,Android 10
749,a921cb4c-95fb-4976-ae00-7b7e2f8c83e5,2025-05-28 14:32:04,tablet,Call Mom,Mandarin,command,Los Angeles,3.78,2.0,False,0.55,iOS 15
750,4b9dfd58-9e5d-4c7a-85ac-c35415f00cb4,2025-04-06 17:04:42,smartphone,Add milk to shopping list,Mandarin,shopping,Shanghai,2.19,5.0,True,0.81,
751,4499d0a6-1500-4170-92d1-5585b68e47fa,2025-03-01 21:26:36,smart speaker,Directions to nearest gas station,Mandarin,navigation,New York,3.15,5.0,True,0.57,
752,a247541d-c8ad-4899-b630-794d6147adeb,2025-03-01 21:57:53,tablet,Turn off the lights,Hindi,command,Delhi,2.3,4.0,True,0.57,iOS 15
753,5c56d9bc-5111-431d-a3be-441dbd5a0c9e,2025-02-11 09:07:35,smart speaker,Tell me news headlines,English,information,London,3.05,4.0,True,0.61,iOS 15
754,4eea9db8-f165-4779-8154-7950176de21f,2025-06-22 17:14:19,smart speaker,Who won the game last night?,Hindi,information,Tokyo,7.11,6.0,True,0.74,Android 11
755,1a2bd69c-450f-49ee-82e7-9a985c238d8d,2025-02-21 11:03:17,tablet,Navigate to airport,Hindi,navigation,Tokyo,3.1,3.0,True,0.8,Android 10
756,72e76b51-6e54-4c6d-aff8-e87e16591c89,2025-07-19 00:17:41,smartwatch,What's trending on Netflix?,French,entertainment,Shanghai,10.26,4.0,True,0.76,iOS 14
757,16f142a2-06b9-49aa-9a71-67c768759545,2025-05-18 10:43:12,car assistant,Tell me news headlines,Hindi,information,Tokyo,5.99,4.0,True,0.94,iOS 15
758,991965ea-98d0-4c2c-97d3-0f328de1596c,2025-05-06 23:54:35,car assistant,Track my Amazon order,English,shopping,Shanghai,5.37,4.0,True,0.76,iOS 14
759,4ab6821c-0328-4136-a29e-f3d8dd1ca267,2025-06-10 16:59:21,smart speaker,Call Mom,Hindi,command,London,3.28,2.0,,0.73,Android 10
760,b98f5dbe-15ae-4e0f-8777-a07f6346d4ef,2025-04-05 06:31:27,smartwatch,Order me a pizza,French,shopping,Los Angeles,6.4,4.0,True,0.91,Android 10
761,af70de70-2b69-495e-8567-1b58926bffa5,2025-05-28 20:40:46,smartphone,Order me a pizza,Spanish,shopping,Tokyo,3.85,4.0,True,0.97,
762,4d16f049-44d7-4f9a-a38b-05b72b64777c,2025-04-15 05:43:57,smart speaker,Recommend a podcast,Mandarin,entertainment,Delhi,5.24,3.0,True,0.59,
763,2ace1aa9-1032-46b3-a55b-fc1c7e3d5ee4,2025-06-18 19:28:35,smart speaker,Play latest movie trailers,Mandarin,entertainment,London,10.12,4.0,False,0.86,iOS 14
764,7bf69552-4cbc-4044-abcd-5ce746a56fe8,2025-01-30 20:57:32,smartphone,Tell me news headlines,Mandarin,information,New York,4.81,4.0,True,0.85,
765,3f2086c2-f1b8-4d65-806f-64d65c72aebd,2025-07-12 13:12:49,car assistant,Navigate to airport,French,navigation,Delhi,7.3,3.0,True,0.88,Android 11
766,75366b9f-320f-42c0-9dde-01889803b22e,2025-02-11 13:03:17,car assistant,Find nearest coffee shop,Spanish,navigation,Los Angeles,3.59,4.0,True,0.71,Android 11
767,f2e61828-01bb-419c-8dfe-111722af711f,2025-06-03 16:06:59,tablet,Turn off the lights,English,command,Los Angeles,4.93,4.0,False,0.5,Android 11
768,614077d3-9ec4-4a48-9773-f98d550c2fe9,2025-05-08 23:33:05,smartphone,Recommend a podcast,Hindi,entertainment,Shanghai,8.54,3.0,True,0.8,Android 10
769,d0c30018-6e3c-4d4f-95b1-45e470b27304,2025-02-22 20:46:19,smart speaker,Route to home,Hindi,navigation,Delhi,3.75,3.0,True,0.72,
770,f280df1d-9a6c-4db9-9217-1c884ce953a7,2025-03-20 00:04:17,car assistant,Who won the game last night?,French,information,London,8.62,6.0,True,0.81,iOS 15
771,f6ee5cdb-2d79-42d1-906e-50c77aa061e9,2025-06-04 15:51:42,smartphone,Find nearest coffee shop,English,navigation,Paris,6.42,4.0,,0.52,iOS 14
772,bc20b9f2-4a9c-489e-91b3-0182f7fe604f,2025-07-10 16:31:11,car assistant,Buy new headphones,Mandarin,shopping,New York,3.88,3.0,True,0.55,iOS 15
773,3e0f84ce-c82f-48fd-936c-d31cf7bf5244,2025-05-07 13:28:47,smart speaker,Open the calendar,French,command,Shanghai,6.26,3.0,True,0.59,Android 10
774,c92e8c93-d105-48d6-87c1-c01760452909,2025-06-02 14:25:15,car assistant,Set an alarm for 7 AM,English,command,Tokyo,6.95,6.0,,0.66,Android 10
775,905881df-ee9b-43e1-9d27-c09a5d71a898,2025-03-19 14:16:17,smartphone,What's trending on Netflix?,English,entertainment,London,6.24,4.0,True,0.57,Android 11
776,2e0fb5b3-8bae-491e-bf4c-c10f979c30cf,2025-01-11 10:52:34,smartwatch,Track my Amazon order,French,shopping,Los Angeles,1.86,4.0,False,0.81,iOS 14
777,f166cdcf-762c-4fbc-ba2a-a7baf3f81c31,2025-03-23 10:03:52,car assistant,Order me a pizza,Hindi,shopping,Paris,3.55,4.0,True,0.97,Android 11
778,d4cee27c-4a94-4e9f-8c35-1e4f703e957f,2025-01-27 20:36:19,tablet,Buy new headphones,Mandarin,shopping,Shanghai,4.5,3.0,True,1.0,Android 11
779,cb881c32-cbb0-4a8b-9908-a121d1a7ba20,2025-06-08 21:28:33,smart speaker,Add milk to shopping list,Hindi,shopping,Shanghai,4.85,5.0,True,0.75,iOS 15
780,a2224f96-23a1-4e20-bfd2-55eeac484366,2025-04-28 14:36:17,car assistant,How to get to Central Park,Spanish,navigation,New York,6.24,6.0,True,0.51,iOS 14
781,2775ee42-a89e-42f2-80af-bf3f3df51967,2025-06-14 07:50:18,smart speaker,Track my Amazon order,Hindi,shopping,New York,5.36,4.0,,0.67,iOS 15
782,72f60958-12ef-4101-a082-786fca00ef58,2025-07-06 02:47:28,smartphone,How to get to Central Park,Mandarin,navigation,Tokyo,2.33,6.0,True,0.65,
783,81b15db9-88cc-4d49-a69b-29b8950df1a0,2025-06-12 10:50:42,car assistant,Set an alarm for 7 AM,English,command,Paris,5.76,6.0,,0.67,
784,f7eae66e-ca6c-4f9b-8969-71018b2c550a,2025-05-20 15:03:27,car assistant,Who won the game last night?,Spanish,information,London,6.22,6.0,,0.96,Android 10
785,8972abbd-cff2-41c4-a53f-9644b39e4df2,2025-02-03 00:05:20,tablet,Who won the game last night?,Hindi,information,Los Angeles,6.12,6.0,True,0.95,
786,a85894df-3f8c-4097-84da-2c2e1bffa279,2025-05-18 20:55:19,smartwatch,Recommend a podcast,English,entertainment,Tokyo,7.16,3.0,True,0.65,Android 11
787,0b570720-9cd8-458b-a5a1-c8252a9528c3,2025-06-05 04:42:26,car assistant,Order me a pizza,Spanish,shopping,Shanghai,6.67,4.0,,0.9,Android 11
788,f73936e9-54e3-4579-80af-d193f780ef2f,2025-06-17 04:08:11,smartphone,How to get to Central Park,English,navigation,London,5.92,6.0,True,0.81,iOS 15
789,423cad9d-193e-4783-82b3-42541b1f2eb1,2025-03-28 05:12:00,car assistant,Track my Amazon order,Spanish,shopping,Shanghai,4.86,4.0,True,0.93,Android 11
790,8ed8a80d-84cf-4e39-bf31-c29f82bbad84,2025-03-27 20:09:54,smartwatch,How tall is the Eiffel Tower?,Hindi,information,New York,1.68,6.0,True,0.94,Android 11
791,768b4f7e-6421-4e66-9fc6-4cd0721e8b1f,2025-07-14 08:40:45,tablet,Turn off the lights,French,command,London,5.86,4.0,False,0.56,iOS 14
792,0649bcf6-ff69-423d-984f-c85b2697384d,2025-07-07 11:45:09,smart speaker,Tell me news headlines,French,information,New York,5.42,4.0,True,0.95,iOS 15
793,eba900e1-6a7d-4d96-8ba1-72331ac3bf31,2025-02-03 08:13:29,smart speaker,Call Mom,French,command,London,5.54,2.0,,0.57,iOS 14
794,baeb286b-f0d0-470f-94d1-3d551db6b844,2025-02-25 00:30:30,car assistant,Find nearest coffee shop,English,navigation,Delhi,2.45,4.0,True,0.86,
795,7490adeb-57d3-47d3-8fd8-0bbb592c1107,2025-03-22 08:08:35,smartphone,How tall is the Eiffel Tower?,English,information,Paris,2.84,6.0,True,0.94,Android 11
796,79e5c9aa-592a-4549-bba1-09d08567c805,2025-02-07 21:54:45,tablet,What's the weather like today?,French,information,Tokyo,7.11,5.0,,0.51,Android 11
797,73d39457-b25f-43df-b8d4-9848702ba49f,2025-05-04 20:27:06,smart speaker,Turn off the lights,Spanish,command,London,4.92,4.0,,0.77,Android 10
798,cf685878-0b70-4933-8cde-1b6b1132567c,2025-02-14 16:40:20,smartphone,Turn off the lights,Spanish,command,London,6.36,4.0,True,0.51,
799,a5e15b55-57d3-44dd-9963-dc7205c8234b,2025-02-12 11:20:02,car assistant,Order me a pizza,Spanish,shopping,Shanghai,5.06,4.0,,0.77,Android 11
800,ee0f65a8-2a13-4c1f-8cd0-15c1ad5900dd,2025-04-05 17:26:00,smart speaker,Open the calendar,Spanish,command,Los Angeles,5.06,3.0,True,0.66,Android 11
801,28fea761-8d49-4e3f-aca8-f78384182d35,2025-05-09 13:02:49,car assistant,Play latest movie trailers,Spanish,entertainment,New York,6.88,4.0,True,0.95,iOS 14
802,76492e64-f55d-4e6d-ad26-8b378f5242d3,2025-04-01 01:03:01,smartphone,Play latest movie trailers,English,entertainment,Delhi,3.97,4.0,True,0.59,
803,2f383b43-a137-48e4-a7b1-3040cc39b925,2025-03-14 09:15:07,car assistant,What's trending on Netflix?,Mandarin,entertainment,London,5.19,4.0,,0.91,
804,6544e313-6ea0-4d13-a845-54c3a3f66c61,2025-01-12 08:05:30,smartphone,What's trending on Netflix?,Spanish,entertainment,New York,4.08,4.0,True,0.55,Android 11
805,3283daa4-e212-4b7c-9d36-1cb6bcc57be0,2025-06-24 14:20:34,tablet,Who is the lead actor in Inception?,Spanish,entertainment,Los Angeles,4.13,7.0,True,0.63,Android 11
806,0123a348-638a-4df6-adf7-2cd3979aa051,2025-03-25 10:02:41,tablet,How to get to Central Park,Mandarin,navigation,Delhi,4.38,6.0,True,0.52,Android 10
807,b4299924-c098-4750-8741-9b4834ae4abd,2025-01-25 07:08:11,smartphone,Call Mom,Hindi,command,Tokyo,5.44,2.0,False,0.64,Android 11
808,df3a098a-ccac-4fb5-9a0c-6c0493cd1291,2025-07-28 12:10:05,car assistant,Find nearby clothing stores,French,shopping,New York,4.04,4.0,True,0.91,iOS 14
809,327375bf-5373-4f4d-9da4-9cb92fdc9992,2025-06-27 16:40:44,smartwatch,Order me a pizza,Mandarin,shopping,Shanghai,7.51,4.0,True,0.7,Android 10
810,dcd5bfae-abb3-46a7-8329-97801d2c2721,2025-07-10 02:19:16,smart speaker,Find nearby clothing stores,French,shopping,Los Angeles,3.21,4.0,True,0.69,Android 11
811,503b4078-a39c-4ec6-b746-4c02871854c1,2025-05-31 22:22:49,smart speaker,Track my Amazon order,Hindi,shopping,Shanghai,4.63,4.0,,0.77,iOS 15
812,1d3e503a-9645-40e4-a47d-c3929c7eb575,2025-05-16 02:53:33,smart speaker,Define artificial intelligence,Hindi,information,New York,4.12,3.0,True,0.8,Android 11
813,9e0b7b01-7536-49ef-9873-dad95a1baf0e,2025-03-09 00:04:22,car assistant,Tell me news headlines,Spanish,information,London,7.89,4.0,True,0.53,iOS 14
814,ccf4ffb0-b4bb-473f-ac70-51d1d051267f,2025-04-26 12:23:12,car assistant,Show me comedy shows,Hindi,entertainment,Paris,5.39,4.0,True,0.55,iOS 15
815,15b24e1d-9715-4633-9d4e-db71eb2ec80e,2025-02-22 00:29:01,car assistant,Who won the game last night?,Spanish,information,Delhi,7.06,6.0,True,0.65,
816,4e2d6255-3d13-4a3d-9e2c-2e7d502cf0ee,2025-02-15 10:02:34,car assistant,Who is the lead actor in Inception?,Spanish,entertainment,Paris,2.03,7.0,,0.65,Android 11
817,243012da-b185-4eb8-9f90-fc872edc017e,2025-07-18 09:13:58,tablet,Set an alarm for 7 AM,French,command,New York,5.53,6.0,True,0.99,Android 10
818,234b4562-98af-4cca-ab11-b7cb63725424,2025-05-30 00:26:09,smart speaker,Set an alarm for 7 AM,Mandarin,command,Shanghai,6.78,6.0,True,0.5,
819,a2b03c4b-7c96-4b55-af8d-8ded6c4c450b,2025-07-28 16:44:16,smartwatch,How tall is the Eiffel Tower?,English,information,Los Angeles,5.16,6.0,True,0.85,Android 10
820,ee4205ee-a52f-43ec-ab4e-2281b184d1fc,2025-03-09 06:39:55,smartwatch,Recommend a podcast,Hindi,entertainment,Delhi,7.13,3.0,True,0.61,iOS 15
821,49f1137d-7d59-4e19-aab7-b2ef8e0ec033,2025-02-24 11:39:30,tablet,Find nearest coffee shop,French,navigation,Delhi,3.97,4.0,,0.92,iOS 15
822,7374ccbf-d78c-47d3-9088-50d32fe5b140,2025-01-21 19:41:35,smartwatch,Find nearest coffee shop,English,navigation,New York,7.82,4.0,True,0.57,Android 10
823,02740f73-f3ab-4a0d-9be9-fdb3dd92dd7c,2025-07-08 04:52:57,tablet,Directions to nearest gas station,Spanish,navigation,Paris,9.6,5.0,True,0.93,
824,624a2a50-d0b1-4de0-b1f3-f0c022f3f068,2025-07-16 07:01:25,tablet,Find nearby clothing stores,Hindi,shopping,Shanghai,4.27,4.0,True,0.78,Android 10
825,af4847f0-68bd-475b-beb6-581ea72f947d,2025-07-10 23:13:02,tablet,Turn off the lights,Spanish,command,Delhi,4.11,4.0,True,0.5,Android 10
826,71a0449d-d703-462f-b5cb-e3f56a66c184,2025-07-09 19:00:34,smart speaker,Buy new headphones,Hindi,shopping,Shanghai,7.91,3.0,True,0.68,iOS 14
827,07e67cb0-90bd-4900-9529-e6f52ad11fe8,2025-03-27 15:29:02,car assistant,Show me comedy shows,English,entertainment,Shanghai,8.16,4.0,True,0.98,iOS 14
828,398f569b-465c-42cb-885e-b4894ac66780,2025-07-28 18:52:31,smart speaker,Buy new headphones,Hindi,shopping,Shanghai,3.95,3.0,True,0.76,
829,751303b9-c7de-46ea-ab0f-be4449e64c22,2025-07-12 08:39:17,smartphone,Navigate to airport,English,navigation,Paris,4.16,3.0,True,0.9,Android 11
830,929d6377-1cfb-455f-82c4-2e488cbadae5,2025-02-14 08:28:59,car assistant,How tall is the Eiffel Tower?,French,information,Tokyo,4.44,6.0,True,0.73,
831,d2c2a960-8b09-41ab-866d-ceb344945e09,2025-05-23 11:23:58,tablet,Buy new headphones,Hindi,shopping,London,2.31,3.0,,0.64,iOS 14
832,0aa6fcb9-c1bc-4e59-9296-a12d8ac35ac4,2025-06-21 09:50:04,car assistant,Open the calendar,Mandarin,command,New York,3.16,3.0,True,0.79,
833,6cd6f011-fd61-413b-b7f2-5d368bddcee3,2025-02-09 18:35:25,smartphone,Open the calendar,English,command,London,2.99,3.0,True,0.54,
834,c0582da5-a757-475b-947f-83b1bc69c155,2025-04-07 03:09:43,smartphone,Play my favorite song,Spanish,command,Shanghai,3.46,4.0,,0.64,Android 11
835,0840405a-ffd2-4491-9ff3-89aa4c36a70c,2025-06-24 15:48:33,smartphone,Define artificial intelligence,Spanish,information,Shanghai,4.93,3.0,False,0.83,Android 11
836,d1151fff-dcb9-4d5f-993c-572b4347dbca,2025-02-03 18:44:25,smart speaker,Turn off the lights,Hindi,command,Los Angeles,5.47,4.0,True,0.93,Android 11
837,1e0d02b5-fe74-42cd-9d83-ad037066e289,2025-04-03 00:29:50,smartphone,Route to home,Spanish,navigation,Tokyo,8.1,3.0,True,0.88,Android 10
838,96822e22-bcd4-444f-8f8a-368e35ba9357,2025-05-17 04:06:58,tablet,Navigate to airport,Spanish,navigation,Los Angeles,3.0,3.0,True,0.87,Android 11
839,a1fd4187-9c3a-4e0b-b5f3-f8aadc6dafff,2025-06-16 06:48:22,smartphone,Set an alarm for 7 AM,English,command,Los Angeles,6.97,6.0,True,0.7,Android 11
840,c8ebe27a-23a4-470e-9dbc-15c02a7dc57c,2025-03-22 05:50:05,tablet,Find nearby clothing stores,Hindi,shopping,Paris,4.57,4.0,True,0.74,iOS 15
841,0f321333-ce31-4937-b4fa-32b6d0437e4c,2025-05-17 05:50:14,car assistant,Play latest movie trailers,Mandarin,entertainment,Tokyo,4.9,4.0,True,0.69,Android 11
842,89ecbc51-98cb-4a52-87f5-301988438de2,2025-03-07 09:23:26,car assistant,What's the weather like today?,French,information,Paris,6.35,5.0,,0.98,Android 10
843,4aea1b8f-b43c-4e0a-ba9f-c10e52daf681,2025-04-23 08:46:52,car assistant,Play my favorite song,Mandarin,command,London,2.75,4.0,True,0.63,
844,dba6fdf8-f3d0-4ffb-8470-9848929ecc92,2025-07-19 18:41:42,tablet,Who is the lead actor in Inception?,French,entertainment,Tokyo,5.76,7.0,False,0.76,iOS 15
845,d0afb235-ade6-4f51-a670-93a0fc48f615,2025-02-06 23:33:46,smartwatch,Order me a pizza,English,shopping,Tokyo,5.33,4.0,True,0.51,iOS 14
846,c9230c64-c006-4b5b-b678-39b222b5f457,2025-06-09 20:21:17,car assistant,Tell me news headlines,Mandarin,information,Los Angeles,5.98,4.0,,0.63,iOS 14
847,46feacd4-fe13-43cd-8f2d-5c15eb346d3a,2025-02-19 06:41:00,smartphone,Order me a pizza,English,shopping,Shanghai,5.58,4.0,False,0.98,iOS 14
848,3fead90a-21f8-472d-9db7-570eb390b059,2025-02-26 19:05:15,smartphone,Define artificial intelligence,Spanish,information,Delhi,9.91,3.0,True,0.9,iOS 15
849,3f5fbf4f-d417-4230-9274-ee11b61df906,2025-06-02 12:14:10,smartphone,How to get to Central Park,Mandarin,navigation,Delhi,3.72,6.0,True,0.82,Android 11
850,a1e518a2-93d2-48d4-a465-5c397d4d2add,2025-04-15 08:37:31,tablet,Play my favorite song,Spanish,command,Tokyo,3.94,4.0,True,0.64,iOS 14
851,73b5bad5-600b-4b35-aa0a-a7d5a0b85755,2025-01-30 07:51:45,tablet,Show me comedy shows,English,entertainment,London,3.75,4.0,,0.59,iOS 14
852,c4d598f7-e14f-4093-8b6a-d0c7a2356dd4,2025-02-06 03:42:22,tablet,Route to home,Hindi,navigation,Los Angeles,3.89,3.0,True,0.55,
853,4739cc7b-bff3-4c8d-83ff-3e9667213a70,2025-05-24 07:59:33,tablet,Route to home,English,navigation,Delhi,3.73,3.0,,0.55,iOS 14
854,53c93ae7-7cf0-4bb3-b343-d9eb7466ef02,2025-01-01 23:03:02,smartphone,Buy new headphones,Hindi,shopping,New York,7.38,3.0,True,0.57,iOS 14
855,bb93cd40-d8df-4535-862d-baeade70bd30,2025-02-06 04:08:35,smartphone,Show me comedy shows,Spanish,entertainment,Paris,7.84,4.0,,0.95,
856,a284e8fd-755c-4e2a-b8de-d777bb1e5ae8,2025-05-20 02:52:40,smartphone,Track my Amazon order,Hindi,shopping,Delhi,3.86,4.0,True,0.92,iOS 14
857,88d00abd-cbb1-4c79-9036-708dd9a09007,2025-06-04 10:58:50,car assistant,Directions to nearest gas station,Hindi,navigation,Paris,3.34,5.0,True,0.56,
858,d3293724-6dfd-471a-b7d7-465d37c3b3c9,2025-03-24 06:35:55,smartwatch,Play my favorite song,Hindi,command,New York,5.94,4.0,True,0.68,Android 11
859,d40e53ce-52a7-4a41-84be-d4867ea5a387,2025-04-21 03:16:44,smartphone,Show me comedy shows,Spanish,entertainment,Los Angeles,3.9,4.0,True,0.52,Android 10
860,216e9fe5-93f3-4596-8c1c-8b0556771f36,2025-07-08 11:40:37,smart speaker,Call Mom,English,command,Paris,6.27,2.0,,0.74,Android 10
861,aebbb90e-e4e7-41de-97ff-51d9c9ce44bd,2025-01-19 19:12:25,smart speaker,Directions to nearest gas station,Spanish,navigation,New York,5.41,5.0,True,0.62,Android 10
862,c8acffcf-a04d-4d14-997d-bae10bc2ea72,2025-06-28 11:36:45,smartphone,Buy new headphones,Hindi,shopping,Shanghai,1.97,3.0,True,0.98,iOS 14
863,db8f0e32-edef-4003-9fce-01e3042b03ca,2025-03-03 08:30:47,smartphone,Set an alarm for 7 AM,Mandarin,command,Tokyo,8.1,6.0,True,0.7,iOS 15
864,fde91c42-002c-4c22-b4de-5f7070f81dba,2025-06-16 03:22:42,car assistant,What's trending on Netflix?,Spanish,entertainment,Paris,8.59,4.0,True,0.62,iOS 14
865,e8cee951-b047-4ea4-bee5-ce6933cb202e,2025-02-21 05:31:08,smartphone,Navigate to airport,English,navigation,Delhi,3.77,3.0,True,0.52,iOS 15
866,28b2bf21-4d47-4ed6-a666-3769e1d46f82,2025-04-17 10:02:47,smartphone,Directions to nearest gas station,Mandarin,navigation,Tokyo,4.22,5.0,True,0.73,iOS 15
867,40198303-5c45-4e4d-a793-13b817e52113,2025-02-02 00:12:54,car assistant,What's the weather like today?,English,information,Delhi,5.57,5.0,True,0.9,iOS 15
868,a61f0b96-e75f-445a-aa1d-3fc65f31273d,2025-03-06 06:48:20,smartphone,Navigate to airport,Mandarin,navigation,Tokyo,5.67,3.0,True,0.66,
869,4e35da80-a027-4a18-a576-a4100d41ee47,2025-04-01 22:22:43,car assistant,How to get to Central Park,Spanish,navigation,Tokyo,6.32,6.0,True,0.8,Android 11
870,b4258e19-1758-447e-a7cd-e1436de21429,2025-02-06 23:10:34,smartphone,How tall is the Eiffel Tower?,Spanish,information,Tokyo,9.02,6.0,True,0.58,Android 11
871,13f3cade-7a10-413f-b6a2-c52b00473139,2025-02-21 12:51:06,car assistant,Navigate to airport,Spanish,navigation,Shanghai,4.65,3.0,True,0.57,
872,ae13591e-84fa-4c72-b9e7-a4f197fb613a,2025-06-22 20:19:26,tablet,Directions to nearest gas station,Hindi,navigation,New York,3.4,5.0,True,0.5,iOS 14
873,57f479b5-b212-46ee-8210-63710260a123,2025-02-16 20:00:55,car assistant,Call Mom,Hindi,command,Paris,2.24,2.0,False,0.6,Android 11
874,b1ac040d-6c1c-4405-9c3f-42e0fcf7b842,2025-02-21 07:57:42,car assistant,Recommend a podcast,Spanish,entertainment,Los Angeles,3.54,3.0,True,0.85,
875,6210def6-3a9c-4308-9221-cddf7a4a902f,2025-02-04 16:37:33,smart speaker,What's trending on Netflix?,English,entertainment,Paris,4.93,4.0,,0.67,iOS 14
876,1a6b6a7d-1a38-4ad6-8e53-2ffdbb134f02,2025-05-02 16:38:50,car assistant,Find nearest coffee shop,English,navigation,Shanghai,8.59,4.0,True,0.81,
877,231ae7c7-4c9b-4f5c-a188-7eaf5e1885c3,2025-05-29 15:13:07,car assistant,Navigate to airport,Spanish,navigation,London,3.96,3.0,True,0.6,iOS 15
878,dfdf0e05-c0ce-431b-9038-e153c601818b,2025-02-21 17:00:46,tablet,Who is the lead actor in Inception?,Spanish,entertainment,Paris,5.45,7.0,True,0.53,Android 11
879,249204c7-ad58-4b1b-be31-537aa43e558c,2025-01-27 13:38:32,smartwatch,Navigate to airport,Mandarin,navigation,London,4.97,3.0,True,0.9,Android 10
880,9c3de1b0-022b-4683-9033-da6587cf63fd,2025-03-05 17:40:37,smartphone,What's the weather like today?,French,information,Los Angeles,7.38,5.0,False,0.89,Android 10
881,368acd40-b8f1-4e3c-99e7-703a70aa5b0d,2025-02-28 18:54:32,car assistant,What's the weather like today?,Spanish,information,Paris,10.05,5.0,True,0.8,Android 11
882,afc2ccfc-9db7-484b-a965-d1d1eb7e2e64,2025-06-21 19:18:59,tablet,How to get to Central Park,Spanish,navigation,Tokyo,3.94,6.0,True,0.66,iOS 14
883,e5871d89-1631-4fc6-b79d-58f9dc268108,2025-02-09 00:24:09,smart speaker,Who is the lead actor in Inception?,Hindi,entertainment,Los Angeles,4.02,7.0,True,0.74,Android 10
884,96ee50e5-1f87-4b46-80a0-473a23d7e6a1,2025-05-30 03:26:12,smartphone,Who is the lead actor in Inception?,Spanish,entertainment,Shanghai,7.09,7.0,True,0.59,Android 11
885,50834fef-6dec-4bbd-b697-77a159fe3d53,2025-02-24 07:18:42,smart speaker,Who is the lead actor in Inception?,Mandarin,entertainment,London,6.36,7.0,False,0.67,iOS 14
886,159152f2-a505-4a9c-86e7-5a2c3f6eed9d,2025-04-07 09:05:03,car assistant,How tall is the Eiffel Tower?,Spanish,information,New York,8.69,6.0,True,0.73,iOS 15
887,b89f3a92-999a-4d86-99db-13028dab66d3,2025-04-21 15:39:15,smartwatch,How to get to Central Park,French,navigation,Los Angeles,6.17,6.0,True,0.95,
888,06ddf6ca-b0c3-4a59-b0f7-ad22c76a8e0f,2025-04-28 03:34:32,car assistant,Directions to nearest gas station,Hindi,navigation,Tokyo,4.28,5.0,True,0.74,iOS 15
889,82701238-9b5f-4f39-848b-34f034981735,2025-03-15 06:18:46,car assistant,Recommend a podcast,Mandarin,entertainment,New York,6.18,3.0,True,0.87,iOS 15
890,a56b61e0-4ba8-44ca-a449-cb6fbf72ae52,2025-01-22 04:37:16,smart speaker,Call Mom,French,command,Los Angeles,7.22,2.0,True,0.97,
891,f4655a21-cb35-497a-a5dd-98f1c8a738ab,2025-04-03 22:49:13,smartphone,Play latest movie trailers,English,entertainment,Delhi,6.64,4.0,True,0.52,
892,3db788a6-1cdc-44c2-a2c9-65b27eb0f62a,2025-07-14 00:26:48,tablet,Play latest movie trailers,Hindi,entertainment,Delhi,6.01,4.0,False,0.54,iOS 14
893,873dc8bd-122d-47be-980b-c81ea3595d1f,2025-01-05 16:28:21,tablet,Find nearest coffee shop,Mandarin,navigation,London,7.13,4.0,False,0.82,iOS 14
894,51045a16-ef15-4b72-9c70-ee97fca45567,2025-02-21 06:10:10,smartphone,Show me comedy shows,Spanish,entertainment,Paris,7.34,4.0,True,0.93,
895,91816091-d6c6-445c-9c5e-4e786307d4d1,2025-06-13 10:43:56,smartphone,Recommend a podcast,Spanish,entertainment,Tokyo,7.76,3.0,True,0.59,Android 11
896,2c3aacdc-aed5-4a46-8bde-005b5d8babd7,2025-07-02 22:10:28,tablet,What's the weather like today?,Hindi,information,Paris,6.3,5.0,,0.77,Android 11
897,12af97e4-c536-466e-bcc4-091bf45707c6,2025-01-07 11:33:23,tablet,Open the calendar,French,command,Shanghai,4.67,3.0,False,0.89,iOS 14
898,431e930f-0387-474d-9149-d096965d744f,2025-03-25 18:52:11,car assistant,Set an alarm for 7 AM,French,command,Paris,5.29,6.0,,0.94,iOS 14
899,f2dcb12b-0f7a-4302-ac2e-28150a3217d2,2025-06-04 13:23:45,tablet,Call Mom,French,command,New York,7.41,2.0,,0.68,
900,b66edbf4-a0ea-4251-8957-43a281b13b80,2025-07-14 14:06:53,smartphone,Find nearby clothing stores,Spanish,shopping,London,3.37,4.0,False,0.77,Android 10
901,b3a9dcaa-6c6f-4d2e-aa59-c043c4615234,2025-06-06 05:29:50,car assistant,Find nearest coffee shop,Mandarin,navigation,London,5.74,4.0,,0.75,Android 10
902,89a3c811-895c-4fde-a3fa-40691519fd38,2025-03-01 07:05:05,smartwatch,What's the weather like today?,Mandarin,information,London,4.21,5.0,True,0.74,
903,143ac1c5-4f56-4ed5-9566-9e364708203b,2025-07-18 13:42:18,smartphone,What's trending on Netflix?,French,entertainment,London,5.06,4.0,True,0.81,iOS 14
904,cedd069d-f96c-4a0a-b404-c02aebc1bb52,2025-03-02 08:13:11,smart speaker,Play latest movie trailers,English,entertainment,Delhi,7.56,4.0,False,0.64,iOS 14
905,9620bee6-6406-4ace-93a5-e8508950ddd6,2025-01-26 16:14:14,smartphone,How to get to Central Park,English,navigation,Paris,5.38,6.0,False,0.75,iOS 15
906,bade8d5d-6fff-45cc-b2dc-6c344f67448e,2025-04-03 16:15:42,car assistant,How tall is the Eiffel Tower?,Hindi,information,Paris,5.09,6.0,True,0.97,Android 10
907,ecb4678c-1612-4aa6-be96-39ba0ed2ec9d,2025-06-18 17:40:50,smartwatch,Recommend a podcast,English,entertainment,London,2.28,3.0,False,0.53,iOS 15
908,9bdc70d1-9cbf-4b8c-b410-2d5d1db14bfc,2025-01-22 08:54:14,car assistant,Call Mom,French,command,London,6.49,2.0,,0.74,
909,a8761e85-bddf-403a-aa84-30f84f2da233,2025-03-10 05:08:18,car assistant,Recommend a podcast,Mandarin,entertainment,Shanghai,6.29,3.0,False,0.95,Android 11
910,23204ff5-b538-496c-833e-02f71e93d127,2025-01-05 09:47:43,smart speaker,Turn off the lights,Hindi,command,London,9.33,4.0,,0.88,iOS 14
911,58c1aad6-f3f8-4ea4-bf14-eafa29f0ef7c,2025-07-23 02:45:47,smart speaker,Play my favorite song,Hindi,command,Los Angeles,4.38,4.0,True,0.96,
912,b88416d2-d28f-4f68-8871-d7b38468b74d,2025-04-11 16:21:24,smartwatch,Find nearest coffee shop,Spanish,navigation,Los Angeles,5.44,4.0,False,0.56,Android 11
913,bff15840-207e-463f-9f32-d5d82abe1585,2025-04-15 09:03:59,car assistant,Navigate to airport,Mandarin,navigation,London,5.5,3.0,False,0.6,iOS 14
914,c57c7498-1e38-4711-a2ec-13f4bba1aed9,2025-01-12 09:37:12,smartwatch,Turn off the lights,Mandarin,command,Delhi,8.15,4.0,True,0.99,
915,45a08539-6de8-470a-8e9e-9ebd55c34853,2025-07-23 10:40:30,smartwatch,What's the weather like today?,Hindi,information,Delhi,4.81,5.0,False,0.97,Android 11
916,f99cea5c-b65a-40f1-8350-ab061059ea28,2025-01-30 22:20:41,smart speaker,Define artificial intelligence,French,information,London,5.56,3.0,,0.74,Android 11
917,5c311464-82c2-49f0-b487-d7727f0386fa,2025-01-22 12:43:47,car assistant,Route to home,Hindi,navigation,London,6.22,3.0,True,0.87,iOS 14
918,2ab8bd33-911f-430b-9bff-00b07fe670f3,2025-05-23 19:05:54,smart speaker,Order me a pizza,Mandarin,shopping,New York,5.37,4.0,True,0.81,iOS 15
919,1a57f9e4-c5f8-42f8-814f-499428457780,2025-02-14 18:59:13,tablet,Set an alarm for 7 AM,Mandarin,command,New York,4.11,6.0,True,0.82,
920,00a85473-8242-4912-bda3-c1623a78b64a,2025-01-18 02:27:46,car assistant,How to get to Central Park,Spanish,navigation,New York,5.39,6.0,True,0.77,Android 10
921,3e9aec86-0325-4fbd-9ce8-e1c5dbd30aec,2025-01-18 20:34:44,smartphone,Track my Amazon order,Spanish,shopping,Delhi,7.15,4.0,,0.8,
922,eb93f78c-620a-4158-9d2d-904f78c59073,2025-02-28 06:53:25,smartphone,Call Mom,Spanish,command,Paris,2.95,2.0,True,0.68,Android 11
923,db842660-f5d8-4b91-ae60-81ac2dd0622e,2025-01-14 17:36:44,smartphone,Play my favorite song,Mandarin,command,London,5.27,4.0,True,0.94,iOS 14
924,b6ca1127-e9f8-4970-8d98-f9e28d888beb,2025-06-12 20:48:18,smart speaker,Recommend a podcast,Hindi,entertainment,London,3.6,3.0,False,0.9,Android 10
925,6a8fcacb-3f8e-4d0d-9261-9dec3979d5f5,2025-05-05 06:00:41,tablet,Route to home,French,navigation,New York,7.39,3.0,False,0.6,Android 10
926,92502e59-13f0-4822-9374-8a1145712959,2025-05-25 18:49:26,car assistant,Set an alarm for 7 AM,French,command,Tokyo,1.95,6.0,True,0.54,Android 10
927,e6e59b32-ac5f-42ef-8085-c1471e910f36,2025-01-21 10:56:24,smartwatch,Who is the lead actor in Inception?,French,entertainment,Delhi,3.88,7.0,True,0.88,iOS 15
928,8409c5ea-cde9-48b3-b922-a7e42de982f8,2025-01-18 20:05:07,smart speaker,Navigate to airport,Mandarin,navigation,Shanghai,5.75,3.0,True,0.52,Android 11
929,e0827f76-11a5-49b4-a6a3-02d6f43e8c48,2025-06-30 14:59:30,car assistant,Call Mom,French,command,Paris,8.13,2.0,True,0.61,iOS 14
930,d847dc53-c605-458a-8845-4343ddb449dc,2025-05-01 15:54:47,smart speaker,Play my favorite song,Hindi,command,New York,4.87,4.0,,0.71,Android 10
931,74ed5145-8d97-45c7-961d-5c8753c9fe59,2025-01-04 02:16:41,smart speaker,What's the weather like today?,Mandarin,information,Delhi,3.89,5.0,True,0.8,Android 11
932,9055a36f-4aa5-49d3-b35f-2f595e717fca,2025-04-29 00:38:24,car assistant,What's trending on Netflix?,Hindi,entertainment,Tokyo,8.76,4.0,,0.81,Android 10
933,76c3e642-3e19-4c1d-9f6a-6a65bd54da04,2025-05-24 00:33:32,smartphone,Open the calendar,French,command,New York,2.1,3.0,,0.58,iOS 14
934,ff6ef9ed-7e4c-429f-b8cb-ab4c97790e84,2025-03-17 21:28:08,smart speaker,Call Mom,Spanish,command,London,1.16,2.0,,0.68,Android 11
935,c2aef674-8beb-4e78-a683-73a3bb82b796,2025-04-06 04:44:53,smartphone,Play my favorite song,French,command,Paris,5.88,4.0,True,0.76,iOS 15
936,68f82063-eeb1-4ad2-81a1-fb0f268b84b6,2025-01-10 06:51:35,smartphone,Find nearby clothing stores,French,shopping,London,4.0,4.0,,0.91,Android 11
937,a2cd1590-58af-493c-8aa2-b4c93ba5bd76,2025-01-04 17:25:48,smartwatch,Set an alarm for 7 AM,French,command,Shanghai,2.96,6.0,,0.91,iOS 14
938,c2492e5e-005f-40e6-95c3-b2dbf374190d,2025-05-27 03:08:08,smart speaker,Buy new headphones,Mandarin,shopping,Tokyo,6.42,3.0,True,0.71,iOS 15
939,4eb9047d-ba2a-43d9-bcf2-fc3bd95874c2,2025-02-10 08:52:30,smartphone,Find nearest coffee shop,French,navigation,Los Angeles,5.49,4.0,False,0.9,
940,3cf88d20-fbad-493f-87a1-ec0234879e41,2025-06-13 00:58:02,car assistant,Add milk to shopping list,French,shopping,Paris,3.87,5.0,True,0.71,iOS 14
941,f8f9a45d-0f55-4896-b610-396b7df59abf,2025-02-25 07:01:01,smartphone,Directions to nearest gas station,Hindi,navigation,London,2.44,5.0,,0.85,iOS 15
942,0b3d0c36-17d0-4810-87a2-a10bb62edb49,2025-03-31 21:28:50,tablet,Add milk to shopping list,Mandarin,shopping,Los Angeles,6.74,5.0,,0.51,iOS 14
943,69be173a-850e-40ad-9872-f72ee5b4a1ae,2025-05-25 15:52:36,smart speaker,Find nearest coffee shop,Spanish,navigation,London,6.3,4.0,False,0.6,iOS 14
944,15bc2a3e-bf76-45d7-b97c-6c3c755d814b,2025-02-07 02:50:32,tablet,What's the weather like today?,English,information,Tokyo,4.8,5.0,True,0.88,iOS 14
945,d1e91691-a320-4116-a22d-f6a48163b6ce,2025-06-03 03:37:13,smart speaker,What's the weather like today?,French,information,Shanghai,8.69,5.0,True,0.73,Android 11
946,0ff1c51f-915c-431b-9786-7b1213281726,2025-06-18 22:20:03,smartphone,How tall is the Eiffel Tower?,English,information,Tokyo,2.86,6.0,True,0.89,
947,3c9d128a-2176-4930-b6d7-0248a995ecc3,2025-04-24 06:37:03,smart speaker,Find nearby clothing stores,Spanish,shopping,Paris,1.95,4.0,,0.51,iOS 15
948,ed1115d7-50a4-4c85-99d5-7b0242d04d55,2025-06-02 14:35:03,smartwatch,Buy new headphones,Mandarin,shopping,Los Angeles,3.62,3.0,True,0.89,
949,53853918-bc40-45fa-94f7-6322b362c0d2,2025-05-04 12:30:46,smart speaker,Add milk to shopping list,English,shopping,New York,4.91,5.0,True,0.88,
950,131eb723-3bcd-4203-859e-e67473e7f042,2025-03-20 17:25:07,smart speaker,How to get to Central Park,Spanish,navigation,Tokyo,5.49,6.0,True,0.5,iOS 14
951,95af6d0c-c528-4425-87a9-f33c22d839d3,2025-02-12 07:42:01,smart speaker,Track my Amazon order,Mandarin,shopping,Paris,4.52,4.0,True,0.59,iOS 14
952,7316ce64-2a14-4a96-9b0c-62eb27c8fc6c,2025-06-30 23:56:54,smart speaker,Call Mom,Hindi,command,Los Angeles,5.7,2.0,True,0.61,iOS 14
953,893259f3-1ee8-4a4c-a811-34e250647c59,2025-05-20 03:28:51,smartwatch,Tell me news headlines,English,information,Shanghai,2.5,4.0,False,0.75,Android 11
954,73b0d676-3527-45c8-8534-ca08f6f24d1c,2025-04-30 17:38:10,smartwatch,Order me a pizza,English,shopping,London,7.89,4.0,True,0.56,Android 11
955,1eb2a7b8-da3c-45ca-83d7-8f2b769de1e3,2025-02-05 02:47:01,tablet,Buy new headphones,Hindi,shopping,Los Angeles,4.84,3.0,True,0.7,Android 10
956,4de1087b-afa1-4a55-8ebe-abaa28597b34,2025-01-16 15:54:03,smart speaker,Tell me news headlines,Mandarin,information,Los Angeles,7.23,4.0,True,1.0,Android 10
957,53ea4919-db48-42c2-95ff-2a1f370b9a29,2025-02-27 14:28:40,smartphone,Recommend a podcast,French,entertainment,Paris,5.69,3.0,True,0.56,Android 10
958,f7e9101d-3f8b-4433-b60e-695c1759ba96,2025-05-19 03:45:46,tablet,Order me a pizza,Spanish,shopping,New York,5.91,4.0,,0.99,Android 11
959,ad5be3c8-0c88-4714-8372-17e0657046ea,2025-04-27 01:23:50,smart speaker,Track my Amazon order,English,shopping,Los Angeles,6.14,4.0,True,0.86,Android 11
960,2c82989f-fd9c-4bb0-91f1-6485429a4a7c,2025-01-13 01:42:21,car assistant,Buy new headphones,Hindi,shopping,London,5.9,3.0,True,0.83,Android 10
961,73c374a6-dac7-46b6-a786-3fb3f3bc9a71,2025-04-08 00:47:43,tablet,Buy new headphones,Spanish,shopping,Tokyo,6.29,3.0,True,0.55,Android 11
962,cdcc2d6a-1a16-498c-b648-776e183fea70,2025-02-24 06:57:56,tablet,Who is the lead actor in Inception?,Spanish,entertainment,New York,7.66,7.0,True,0.87,iOS 14
963,d49347fc-0fc9-4d2e-830f-9be91f178f93,2025-03-28 07:52:32,tablet,Who won the game last night?,Hindi,information,Shanghai,5.39,6.0,,0.58,
964,668c879b-d2dc-42c8-b2b8-d8aa21768dd7,2025-05-25 13:31:33,car assistant,What's the weather like today?,French,information,Tokyo,6.42,5.0,True,0.9,iOS 15
965,a50a13dc-f004-4897-a15b-2e18afb06406,2025-02-02 15:18:15,smartwatch,Recommend a podcast,French,entertainment,London,4.82,3.0,True,0.67,
966,eadc9960-4242-41e2-960b-e0f495132c22,2025-01-30 02:55:52,car assistant,What's the weather like today?,Hindi,information,New York,7.88,5.0,True,0.73,Android 10
967,329fc417-1081-4d45-bf45-f8a20594b24f,2025-06-22 05:04:46,tablet,Play latest movie trailers,English,entertainment,Los Angeles,3.65,4.0,True,0.83,Android 11
968,e7b33085-178b-4968-a0f8-7ba2cf2e3296,2025-05-09 18:16:08,smart speaker,Recommend a podcast,Spanish,entertainment,London,8.6,3.0,True,0.74,iOS 14
969,7603c36c-f139-4e3c-8aee-25571f5df912,2025-01-20 15:58:39,car assistant,What's trending on Netflix?,French,entertainment,Shanghai,4.92,4.0,True,0.74,iOS 15
970,6ee35607-92ea-4324-ac93-e5962b015723,2025-06-03 09:39:16,car assistant,Tell me news headlines,Mandarin,information,Delhi,2.14,4.0,True,0.99,
971,aee70ab2-61fa-4e7a-878c-26ce7f0223bc,2025-06-15 16:47:48,smartwatch,Play my favorite song,English,command,New York,5.26,4.0,True,0.52,Android 11
972,e886a011-36f7-426c-9a9c-06792c3d17e2,2025-03-14 16:22:29,smartwatch,Order me a pizza,Mandarin,shopping,Delhi,3.64,4.0,True,0.71,Android 11
973,e2280fe3-722d-4e13-87a4-8c4246653497,2025-02-27 17:20:42,tablet,Set an alarm for 7 AM,Spanish,command,Los Angeles,6.68,6.0,False,0.82,
974,9df2372e-9e82-4aae-9d36-16a108dec921,2025-04-06 10:52:48,smartphone,How tall is the Eiffel Tower?,English,information,London,3.69,6.0,False,0.51,Android 11
975,69785221-7fb7-4c57-8b8c-031fa5b40983,2025-07-06 00:53:30,smartphone,Recommend a podcast,French,entertainment,Shanghai,4.11,3.0,True,0.63,Android 10
976,620d4a1f-479f-4628-9674-eb650f9c5300,2025-02-23 07:07:56,car assistant,How tall is the Eiffel Tower?,Hindi,information,Shanghai,1.22,6.0,True,0.66,iOS 14
977,e2789642-a484-4035-b30f-aaa36b52f93c,2025-07-24 04:56:32,tablet,Who won the game last night?,Mandarin,information,Delhi,4.1,6.0,True,0.91,Android 11
978,cd5ae324-fe7c-40e9-a179-1e933fc825ac,2025-01-08 14:01:57,smart speaker,Buy new headphones,Mandarin,shopping,Delhi,1.2,3.0,True,0.92,
979,b69f75c5-c82b-41be-a1eb-64e6fd498e20,2025-05-20 11:10:02,smart speaker,Play my favorite song,English,command,London,1.83,4.0,True,0.7,iOS 15
980,7c13f47a-c80c-4195-8b65-84ce7acc9970,2025-05-14 14:37:49,car assistant,Define artificial intelligence,English,information,Shanghai,6.52,3.0,,0.64,
981,5254aad3-809c-4839-90ce-82e8e9a53368,2025-05-31 19:58:33,car assistant,Recommend a podcast,Spanish,entertainment,London,6.57,3.0,True,0.83,Android 11
982,51a1f5df-06ac-4010-ae08-69c1453b45fe,2025-03-27 01:24:58,car assistant,Call Mom,French,command,London,5.85,2.0,False,0.71,Android 11
983,c74e48ff-cf89-469d-a550-d73607806e71,2025-04-20 02:28:56,car assistant,Track my Amazon order,French,shopping,Los Angeles,3.07,4.0,True,0.81,
984,78c04ed8-fdd4-4f21-8f03-f0c80effd5bd,2025-07-25 14:39:59,smart speaker,Track my Amazon order,Spanish,shopping,Paris,4.9,4.0,True,0.63,
985,ffe62994-9580-4c2a-844f-c4b85b80b8d1,2025-04-01 09:30:00,car assistant,What's trending on Netflix?,English,entertainment,Shanghai,4.99,4.0,False,0.68,iOS 15
986,3f738f50-19a2-476f-a8dd-2bfdf956be95,2025-04-04 15:42:25,smart speaker,How to get to Central Park,Hindi,navigation,Delhi,2.68,6.0,,0.93,iOS 14
987,ca8e858c-d0f8-4063-889f-e107443b1d0f,2025-01-22 17:06:23,smart speaker,Show me comedy shows,Mandarin,entertainment,Paris,8.01,4.0,False,0.63,
988,382b5b86-f2a3-4efd-bf13-8c80c398c332,2025-05-31 20:21:37,smart speaker,Who is the lead actor in Inception?,English,entertainment,Los Angeles,6.75,7.0,False,0.51,Android 11
989,fdd5b0f8-d6d7-44fd-af69-a9805ad479ef,2025-03-09 11:06:48,tablet,What's trending on Netflix?,Hindi,entertainment,Delhi,4.56,4.0,True,0.6,Android 11
990,5168bbf2-97af-4bde-bc8e-9d782d14e9f4,2025-05-20 08:06:04,smart speaker,How tall is the Eiffel Tower?,Mandarin,information,Paris,5.05,6.0,True,0.59,iOS 14
991,b4157cea-0738-4ba4-9770-a3dbe9fa97e2,2025-05-17 13:54:54,tablet,What's the weather like today?,English,information,London,5.42,5.0,True,0.65,iOS 14
992,2460d0d2-9048-43c1-9151-9998f2933585,2025-03-15 02:27:53,tablet,Set an alarm for 7 AM,Hindi,command,Tokyo,1.72,6.0,False,0.62,
993,e1b243cc-cf76-4343-bced-f994d631c383,2025-07-11 03:53:08,car assistant,Define artificial intelligence,French,information,Tokyo,4.51,3.0,True,0.63,iOS 14
994,7d8d3ddd-2cf1-49cb-8f1e-1a378ac8ad93,2025-01-15 17:50:51,smart speaker,Order me a pizza,Mandarin,shopping,London,3.64,4.0,True,0.87,iOS 15
995,9a069295-3b8d-4447-8e61-065f171b1b80,2025-03-26 23:26:49,tablet,Find nearest coffee shop,English,navigation,Los Angeles,3.0,4.0,False,0.98,Android 10
996,002ccb25-7a5d-4c82-86c5-547c051a0039,2025-05-09 19:59:05,tablet,Open the calendar,English,command,Delhi,4.44,3.0,True,0.69,iOS 14
997,ce7334f2-3393-4b6c-9d37-efb6eafb3e90,2025-02-20 16:15:02,smartwatch,Track my Amazon order,Hindi,shopping,Paris,8.6,4.0,False,0.98,iOS 15
998,eb3537a0-2d6e-4291-b789-3986573bfc17,2025-05-06 16:03:58,smartwatch,Show me comedy shows,Mandarin,entertainment,New York,6.28,4.0,True,0.52,iOS 14
999,962c04dd-25d0-4461-859c-15740f3f0f48,2025-02-25 00:17:54,smart speaker,Open the calendar,Hindi,command,London,3.86,3.0,,0.95,iOS 14
1000,86bb42c7-d8b2-48b6-9c65-4aa2c63ce21d,2025-05-22 17:01:11,car assistant,Navigate to airport,Hindi,navigation,New York,6.15,3.0,True,0.96,Android 11
1001,b45c9a54-5fa3-4531-9291-6e60f5e72daf,2025-06-03 15:13:04,smartwatch,Who won the game last night?,Mandarin,information,Los Angeles,7.8,6.0,False,0.96,Android 11
1002,4d407b28-5628-4dcd-99dd-3e8c96053035,2025-05-06 06:52:47,tablet,How tall is the Eiffel Tower?,English,information,Tokyo,6.85,6.0,True,0.74,Android 10
1003,bb7b6c05-2852-4ca2-b9d2-014a22ee7f07,2025-06-19 15:54:30,smartwatch,Play latest movie trailers,Spanish,entertainment,Paris,5.12,4.0,,0.75,Android 11
1004,7cb923f5-f5ed-4382-a3a6-ef83cab63107,2025-05-04 05:17:44,tablet,Add milk to shopping list,Mandarin,shopping,Delhi,3.71,5.0,True,0.88,iOS 15
1005,8fddbebc-f7ff-48d4-b509-f08a2c988bca,2025-05-19 13:51:18,tablet,Directions to nearest gas station,Hindi,navigation,Los Angeles,6.4,5.0,,0.66,iOS 14
1006,d08012b8-96c5-4fe7-aa60-4892392612e9,2025-03-10 02:23:44,smartphone,Find nearest coffee shop,French,navigation,Paris,5.79,4.0,False,0.92,Android 10
1007,b0416f19-bbe7-4835-8e8b-f78a60ddc7f1,2025-04-25 09:05:59,smartwatch,Recommend a podcast,Spanish,entertainment,London,6.79,3.0,False,0.84,Android 11
1008,0075d3d5-ba94-4a66-ad7e-4a452099e71f,2025-06-02 01:59:23,smartwatch,Directions to nearest gas station,Hindi,navigation,London,6.27,5.0,False,0.7,Android 10
1009,f7164b73-c555-43ed-be89-56c8d9cb3540,2025-01-13 13:49:44,car assistant,Directions to nearest gas station,English,navigation,Shanghai,7.1,5.0,True,0.81,iOS 14
1010,ebc92914-5176-49d1-9a36-24d62e9ce8ff,2025-03-27 18:53:34,tablet,How to get to Central Park,Spanish,navigation,New York,3.93,6.0,True,0.81,
1011,efcac577-1aa6-47cb-90c7-e6aca3bfe403,2025-07-12 16:46:47,smartwatch,Directions to nearest gas station,Mandarin,navigation,Los Angeles,7.63,5.0,True,0.56,
1012,13eb22c9-bece-421a-94c7-743b2401342a,2025-04-03 10:16:58,tablet,Recommend a podcast,English,entertainment,Los Angeles,5.4,3.0,False,0.6,Android 11
1013,2afaab7b-51cb-49e5-bb7d-3ba158c88c48,2025-02-04 10:59:10,smartwatch,Recommend a podcast,Spanish,entertainment,Delhi,9.15,3.0,False,0.8,Android 11
1014,a39c3bd5-ab86-4afd-b57e-c883d2586d90,2025-05-11 09:24:42,smart speaker,Who is the lead actor in Inception?,Hindi,entertainment,Tokyo,3.62,7.0,False,0.51,Android 11
1015,35adde88-43e4-4668-82ea-d2df725656e3,2025-04-07 21:53:21,smart speaker,Track my Amazon order,Spanish,shopping,London,8.47,4.0,True,0.84,Android 10
1016,41b455b8-59b9-422c-915a-ffacb173fcdf,2025-02-11 22:57:19,smartphone,Tell me news headlines,Spanish,information,Tokyo,5.4,4.0,,0.99,Android 10
1017,62ccc604-0c53-444b-8053-f649b86d066b,2025-06-20 04:30:27,smart speaker,Recommend a podcast,French,entertainment,London,3.7,3.0,True,0.55,iOS 14
1018,2a9527f6-f817-4ebf-ab6e-64c5bb8aa843,2025-06-10 18:56:17,smartphone,Turn off the lights,Hindi,command,London,4.03,4.0,True,0.97,
1019,59ea4936-60f3-4ebc-a1bb-b8cd7e3a9f07,2025-05-26 18:29:34,smartphone,How tall is the Eiffel Tower?,French,information,Shanghai,4.36,6.0,True,0.65,Android 10
1020,c9ea356a-7abf-4ebf-942c-b1ae19f738cb,2025-03-29 14:35:00,smartwatch,Route to home,English,navigation,Shanghai,5.85,3.0,False,0.63,
1021,cc9803de-12de-4e5a-b387-928a29a3db6d,2025-01-13 23:25:47,tablet,Call Mom,Spanish,command,New York,6.05,2.0,,0.86,Android 10
1022,42d943ee-5197-4e75-8523-d4fd4b7f2183,2025-02-10 16:06:29,smart speaker,Set an alarm for 7 AM,Mandarin,command,New York,3.85,6.0,False,0.75,Android 11
1023,e34f76b4-2b8c-43bf-9780-be1712fecc2b,2025-05-26 19:31:16,smartwatch,Show me comedy shows,Mandarin,entertainment,Shanghai,4.95,4.0,,0.76,Android 10
1024,8c0b393a-1333-4bc9-bb63-5ff529310971,2025-02-06 03:47:54,smart speaker,Call Mom,Spanish,command,Shanghai,9.28,2.0,True,0.53,iOS 15
1025,9d17d218-fc3b-4de5-9812-62ac5683ede0,2025-07-07 11:25:58,smartphone,Find nearest coffee shop,English,navigation,Delhi,8.46,4.0,,0.58,Android 10
1026,f143e545-6e6b-44b9-87ef-2ba8b45a6ab3,2025-03-06 01:53:07,tablet,Tell me news headlines,English,information,Delhi,5.87,4.0,,0.99,
1027,2837f418-6f27-41b9-a3c6-dedb9b792afa,2025-01-21 19:10:32,tablet,Recommend a podcast,English,entertainment,Tokyo,5.08,3.0,False,0.56,iOS 14
1028,f9722cc1-349e-44a9-94c2-9d5c19ec0829,2025-03-15 18:46:53,smart speaker,Turn off the lights,Spanish,command,Paris,5.24,4.0,True,0.91,
1029,b8d77d2f-8dda-4ff2-b27b-7bb468c690b2,2025-07-29 18:20:02,car assistant,Route to home,English,navigation,Shanghai,6.23,3.0,True,0.59,iOS 14
1030,4c2272f3-4811-4562-a91c-f19243e8644b,2025-04-03 06:06:37,smart speaker,Play latest movie trailers,Mandarin,entertainment,New York,2.95,4.0,,0.84,iOS 14
1031,925f8199-6495-4d5f-8cb4-e891188df23b,2025-07-10 15:58:10,tablet,Open the calendar,English,command,Tokyo,4.49,3.0,,0.58,iOS 14
1032,00fa0eb4-5c5f-48d4-8df4-07b82751ab86,2025-06-16 01:34:35,tablet,Recommend a podcast,Mandarin,entertainment,Shanghai,1.66,3.0,True,0.66,iOS 14
1033,a97a2846-d2ea-4f18-8b67-97a1166ecfe3,2025-07-06 12:59:06,car assistant,Show me comedy shows,French,entertainment,Los Angeles,5.8,4.0,False,0.93,Android 11
1034,34fadee1-0696-4d48-98d4-2238331de35c,2025-03-08 08:16:17,smartwatch,What's the weather like today?,French,information,Shanghai,6.29,5.0,True,0.55,Android 11
1035,14f9c394-fa20-4403-8ab4-27e3a3607681,2025-07-03 21:59:54,smart speaker,Navigate to airport,English,navigation,New York,4.03,3.0,False,0.58,Android 10
1036,c8edabdd-4ef0-4f80-9d91-fe39d8014004,2025-06-04 08:39:51,smartwatch,Directions to nearest gas station,Mandarin,navigation,Delhi,8.15,5.0,True,0.87,Android 11
1037,a939ebd1-e516-40d4-bd35-72cc788fd0cd,2025-04-13 22:01:12,car assistant,How to get to Central Park,English,navigation,Tokyo,2.55,6.0,,0.76,Android 10
1038,6334fa2a-8b4b-47e7-a451-5ae01754bf08,2025-03-13 19:13:04,tablet,Recommend a podcast,Mandarin,entertainment,Shanghai,2.07,3.0,True,0.71,Android 10
1039,5e911b91-61a6-4444-a2af-a6295efb336e,2025-03-14 11:04:44,smartwatch,Find nearby clothing stores,Hindi,shopping,Paris,5.45,4.0,True,0.55,
1040,7092d401-4367-4d58-8b6c-03c8721e5419,2025-06-30 14:39:15,smartwatch,Who is the lead actor in Inception?,Spanish,entertainment,Delhi,7.09,7.0,True,0.81,
1041,44c07a9a-d64a-4b1f-b9eb-038a436e3c49,2025-01-24 22:31:14,smartphone,Call Mom,Hindi,command,New York,8.37,2.0,True,0.65,iOS 15
1042,aadf3692-b24b-4b96-8092-7b7426b07ff6,2025-02-07 13:20:01,smartwatch,Route to home,Hindi,navigation,London,4.08,3.0,True,0.52,iOS 14
1043,cee4e512-5802-4640-ab0b-4cc515f0ea19,2025-07-30 06:40:13,smartphone,Order me a pizza,French,shopping,Delhi,7.16,4.0,True,0.55,
1044,96f84ff7-c1a7-4883-b880-287869fb0763,2025-03-30 08:34:21,smartwatch,Play my favorite song,French,command,New York,4.92,4.0,True,0.51,Android 10
1045,6319629b-d73e-4bb9-8f9c-a17b8db8dadf,2025-07-22 22:49:11,smart speaker,Navigate to airport,English,navigation,New York,4.65,3.0,True,0.94,Android 11
1046,afe3af13-8917-48e8-b733-60946b2b78b9,2025-07-04 09:41:02,smartwatch,Track my Amazon order,Hindi,shopping,Shanghai,6.77,4.0,,0.67,iOS 15
1047,79ec533c-3c53-490e-a1b4-1171929d674d,2025-04-27 01:30:12,smart speaker,Directions to nearest gas station,French,navigation,London,6.3,5.0,True,0.72,iOS 14
1048,da9bccc1-e71c-481a-a511-e61a143665f5,2025-01-14 11:41:34,smartphone,Play latest movie trailers,English,entertainment,Los Angeles,1.85,4.0,True,0.73,Android 10
1049,844e250b-e684-490c-923b-78208089b8c5,2025-02-27 06:18:42,car assistant,Show me comedy shows,French,entertainment,Tokyo,7.95,4.0,True,0.68,Android 10
1050,72f444ab-c1d7-4f4a-b302-5d161ecacae9,2025-03-09 03:20:55,smartwatch,Who won the game last night?,Spanish,information,New York,7.76,6.0,False,0.56,iOS 14
1051,f8dfcc3a-2acb-4fbd-bbff-8a7df2f5b176,2025-03-24 06:57:33,smart speaker,Who won the game last night?,Hindi,information,Paris,3.75,6.0,False,0.82,Android 10
1052,0aeccec7-204d-49da-b156-7f2acef74829,2025-06-14 10:08:24,car assistant,Directions to nearest gas station,Mandarin,navigation,Tokyo,5.79,5.0,True,0.57,Android 10
1053,6f75ee8a-aee1-4f87-bcff-e9e3140ff589,2025-03-20 10:01:26,smartphone,Who won the game last night?,Spanish,information,Paris,5.99,6.0,True,0.98,Android 10
1054,25db5946-a091-45b4-9293-8e6eff4d0930,2025-04-11 03:40:30,smartphone,What's trending on Netflix?,Spanish,entertainment,Los Angeles,5.52,4.0,,0.78,Android 10
1055,ea074d80-ba23-4c22-a92a-7b9751db1a37,2025-01-27 00:35:48,smartphone,Set an alarm for 7 AM,English,command,Paris,3.9,6.0,True,0.99,Android 10
1056,65b90e94-8e6d-4263-a35a-775d16476e3f,2025-05-07 15:43:19,car assistant,Add milk to shopping list,Mandarin,shopping,New York,3.66,5.0,True,0.7,
1057,7549c9f9-850a-48d4-86b5-18dedb4bb8eb,2025-01-05 19:14:20,car assistant,Track my Amazon order,Spanish,shopping,Paris,4.95,4.0,True,0.76,Android 10
1058,966b62ea-9f80-496b-b34e-356ac95b61f8,2025-07-22 22:37:51,car assistant,Open the calendar,English,command,London,7.35,3.0,True,0.94,iOS 14
1059,6a18e5af-1cce-48e9-ab6a-8061c81c8d31,2025-02-28 02:46:03,tablet,Buy new headphones,Hindi,shopping,Paris,6.09,3.0,True,0.51,Android 11
1060,952a5345-9682-49ff-910c-4cb725f06b0a,2025-02-08 21:58:08,smart speaker,Show me comedy shows,Hindi,entertainment,Los Angeles,4.26,4.0,True,0.61,Android 11
1061,c7903dc5-900c-4af7-9b0a-e22eecc817a6,2025-02-09 05:17:56,car assistant,Who is the lead actor in Inception?,Mandarin,entertainment,Paris,6.54,7.0,True,0.98,Android 11
1062,891f4683-de12-4bf1-893d-6196c926a021,2025-05-14 13:05:34,tablet,Route to home,Spanish,navigation,London,1.69,3.0,True,0.83,iOS 15
1063,620f230b-439e-454c-a930-16eae0bda1ee,2025-07-08 13:58:41,smart speaker,Find nearest coffee shop,French,navigation,Delhi,7.3,4.0,True,0.9,Android 10
1064,099759a3-7919-455c-9be4-f19f92701d60,2025-03-08 21:01:04,smartwatch,Find nearest coffee shop,French,navigation,New York,1.52,4.0,True,0.68,Android 11
1065,9e45455e-24d3-4751-a729-4d3c46818a88,2025-06-06 00:18:03,smartwatch,Find nearest coffee shop,French,navigation,New York,4.28,4.0,True,0.67,iOS 14
1066,e1035e1c-e3bb-42ae-a552-ac5309eda6f5,2025-05-09 17:44:55,car assistant,Directions to nearest gas station,French,navigation,Los Angeles,2.76,5.0,True,0.63,Android 11
1067,bee975da-0c9e-4550-bcd1-ff3fb0c58278,2025-07-04 13:21:16,smartwatch,Define artificial intelligence,Mandarin,information,Los Angeles,2.41,3.0,True,0.8,iOS 14
1068,5f584603-e5a3-48e9-84c1-f1b5ebbbd763,2025-01-08 20:35:03,smartphone,Recommend a podcast,English,entertainment,New York,7.32,3.0,True,0.8,iOS 14
1069,4d950273-cb2c-4805-9140-3430567e642e,2025-05-01 18:15:27,car assistant,Define artificial intelligence,English,information,Los Angeles,4.06,3.0,True,0.94,Android 11
1070,dbb54645-7dda-41b6-97c4-caed47c4cc51,2025-02-08 03:27:08,smart speaker,Call Mom,French,command,Delhi,5.69,2.0,True,0.58,Android 11
1071,226716e3-3a5b-4ac5-9e70-3b72f8f58a26,2025-04-27 16:40:50,smartwatch,Directions to nearest gas station,Spanish,navigation,Delhi,4.91,5.0,True,0.88,iOS 14
1072,c626e38f-716f-4276-be64-ac2af96671a5,2025-05-05 14:42:34,smart speaker,Show me comedy shows,Mandarin,entertainment,Shanghai,5.95,4.0,False,0.54,Android 11
1073,9adfe981-6ab1-4e15-ba92-992e44f8b53c,2025-02-04 16:12:49,tablet,Turn off the lights,Spanish,command,Tokyo,5.15,4.0,True,0.71,iOS 15
1074,e9d6bb7e-361d-4014-b114-56de301c8db3,2025-06-08 03:06:10,smart speaker,Recommend a podcast,Hindi,entertainment,Delhi,2.43,3.0,True,0.9,Android 11
1075,84396fc0-c26e-4706-bc05-9799bdae8eff,2025-05-26 05:05:44,smartphone,Who is the lead actor in Inception?,English,entertainment,Paris,6.99,7.0,True,0.97,iOS 14
1076,ca9f1d59-83e8-4700-8e63-813ed22e3226,2025-03-03 17:43:50,smartwatch,Call Mom,Spanish,command,Delhi,4.01,2.0,True,0.7,iOS 14
1077,81bd55d5-b5a6-471c-8fa5-c35e10cc4604,2025-06-06 15:49:19,smart speaker,Order me a pizza,French,shopping,London,1.89,4.0,True,0.7,
1078,86379f04-d9ee-4dc9-87cf-eca822b9f24c,2025-01-12 05:48:59,smartwatch,Play my favorite song,English,command,Tokyo,4.14,4.0,,0.95,
1079,d53ae57f-e00b-4534-b158-f1fb2c7a0d31,2025-03-19 22:54:32,smart speaker,Recommend a podcast,Spanish,entertainment,Shanghai,8.0,3.0,True,0.89,Android 10
1080,08775804-3fde-4814-8ec0-ad4bd6441a9d,2025-06-27 06:24:35,smartwatch,Who is the lead actor in Inception?,Mandarin,entertainment,New York,6.7,7.0,True,0.77,Android 10
1081,b462e3e8-5c41-4a83-ab04-159c0cf173f9,2025-03-19 07:50:15,smart speaker,Add milk to shopping list,Mandarin,shopping,Los Angeles,4.3,5.0,True,0.76,Android 11
1082,76d70561-d2d1-4ef5-9e4c-4fd1462363a9,2025-07-16 04:07:08,car assistant,Turn off the lights,English,command,New York,4.3,4.0,True,0.8,iOS 15
1083,1fb621ae-ec4e-4cbb-a2aa-378c659e0258,2025-01-12 20:52:10,smartwatch,What's trending on Netflix?,English,entertainment,Paris,4.36,4.0,True,0.92,Android 11
1084,98133da1-7d21-40ad-9f59-fb4d3defa7ba,2025-06-23 05:59:07,car assistant,Set an alarm for 7 AM,English,command,Tokyo,9.15,6.0,True,0.72,
1085,797e3984-ded7-43ef-b5e4-a9c12d761ffa,2025-05-16 19:59:54,smartphone,Show me comedy shows,Spanish,entertainment,Tokyo,5.76,4.0,True,0.78,
1086,e4fd6c34-d670-4a21-a9dc-073e5820b3f2,2025-04-11 10:53:06,car assistant,How to get to Central Park,Mandarin,navigation,London,5.86,6.0,True,0.84,Android 10
1087,1723ecdb-b058-4256-94b3-e8cfbfbbeab3,2025-04-21 17:02:21,car assistant,Directions to nearest gas station,Mandarin,navigation,Shanghai,7.06,5.0,True,0.6,Android 11
1088,29b44cb1-0cb5-4e5c-a2f5-f7c20706fec2,2025-03-25 05:35:38,tablet,Who won the game last night?,Hindi,information,Tokyo,5.48,6.0,True,0.54,iOS 14
1089,39a0f145-a5ba-4050-b8aa-76dfdb6ba39b,2025-03-22 06:52:20,tablet,Navigate to airport,Spanish,navigation,Delhi,4.48,3.0,True,0.68,
1090,83666636-68d5-46b8-a6ce-6d7a44e2a94b,2025-01-08 18:54:05,tablet,Add milk to shopping list,French,shopping,Tokyo,4.61,5.0,True,0.94,
1091,c47fa57e-f796-411f-87c1-fb1bdd58631b,2025-01-04 10:56:06,tablet,Recommend a podcast,Hindi,entertainment,Paris,4.86,3.0,True,0.91,iOS 15
1092,a5ba2472-21df-4609-a959-137f795e6f2b,2025-03-09 06:20:49,car assistant,Navigate to airport,Hindi,navigation,Los Angeles,4.93,3.0,True,0.93,iOS 14
1093,3948fe22-022a-4dda-8d05-79e299e4704c,2025-04-09 00:26:57,smart speaker,Recommend a podcast,English,entertainment,Paris,6.46,3.0,False,0.97,Android 11
1094,4e329b4b-f168-4605-8e1a-16699bbc6cbc,2025-04-17 22:42:51,smartphone,Track my Amazon order,English,shopping,New York,5.1,4.0,,0.79,iOS 14
1095,da018d29-6060-41eb-a53e-5f4c6c7e9a2c,2025-05-16 10:12:19,car assistant,Directions to nearest gas station,Mandarin,navigation,London,6.47,5.0,,0.65,Android 10
1096,7779857f-37dc-4c78-8082-fcda7580e4e9,2025-04-28 08:11:46,smartphone,Find nearest coffee shop,French,navigation,Delhi,4.84,4.0,True,0.97,Android 11
1097,9fa4a627-d306-48be-8548-867bad5cba24,2025-06-04 05:43:47,smartwatch,Find nearest coffee shop,Hindi,navigation,New York,5.16,4.0,True,0.77,iOS 14
1098,82f29004-01e1-47d8-9a31-204495a0f356,2025-05-26 08:04:27,smartphone,Recommend a podcast,French,entertainment,London,1.0,3.0,True,0.73,Android 11
1099,9beab529-9801-4a2f-a5b8-36938fbba749,2025-04-20 18:44:22,tablet,What's trending on Netflix?,Spanish,entertainment,Tokyo,6.83,4.0,False,0.75,Android 10
1100,7b53359e-1bac-4d0d-af35-b30b4c68eb17,2025-01-25 19:00:16,tablet,Who is the lead actor in Inception?,Mandarin,entertainment,New York,5.69,7.0,True,0.83,Android 10
1101,a3fe0479-46c7-4b36-bd05-39635616af7e,2025-05-07 06:29:49,tablet,Navigate to airport,Mandarin,navigation,Shanghai,7.0,3.0,True,0.98,Android 10
1102,a7f77451-42da-4609-86e1-ee40dc8ab6a7,2025-04-27 00:56:06,smartwatch,Who won the game last night?,English,information,Shanghai,1.63,6.0,,0.78,iOS 14
1103,c3f62136-846d-4a3b-a661-c42630385dd7,2025-04-04 07:46:39,car assistant,Who won the game last night?,French,information,Shanghai,9.18,6.0,True,0.88,
1104,db7904e0-ce30-461d-8e88-c8ece651e3e1,2025-06-06 22:28:13,car assistant,Navigate to airport,French,navigation,New York,4.72,3.0,True,0.83,
1105,23d26b8d-ae46-424d-91d0-5ef3a91883fc,2025-01-10 21:15:37,smart speaker,How tall is the Eiffel Tower?,Spanish,information,Los Angeles,7.22,6.0,True,0.72,
1106,4bacbedf-ff5a-429e-bf53-d344a7c854e4,2025-04-11 18:01:41,car assistant,Call Mom,French,command,New York,2.92,2.0,True,0.93,iOS 14
1107,6365fc2a-6793-4b09-ab27-1effe82b5b36,2025-01-14 17:11:49,smartwatch,Who is the lead actor in Inception?,Hindi,entertainment,New York,6.23,7.0,True,0.66,Android 11
1108,92715f6e-fea8-4e3a-b544-01cb95410a9d,2025-03-15 18:08:15,smartphone,What's the weather like today?,French,information,Los Angeles,2.89,5.0,,0.57,Android 11
1109,38eccb4d-b69f-4eab-b9ff-2c2957d9cbb0,2025-07-27 15:09:37,smartphone,How to get to Central Park,Hindi,navigation,Paris,3.75,6.0,False,0.53,Android 11
1110,e8121ef0-79c9-4839-88ef-0377a36884f5,2025-05-20 05:26:07,smart speaker,What's the weather like today?,Mandarin,information,Delhi,8.83,5.0,True,0.66,Android 10
1111,2b843ef3-d86d-455d-8cd9-916481df62f4,2025-03-12 08:18:30,smartwatch,Call Mom,English,command,New York,4.62,2.0,False,0.62,
1112,20c0f275-7885-487d-98fc-83b74b356e9a,2025-04-11 10:48:35,car assistant,Navigate to airport,French,navigation,Tokyo,5.43,3.0,True,0.69,iOS 14
1113,c34e9baf-8f1c-42cc-8eef-9fa8b9a5d4d0,2025-03-13 02:19:14,smartwatch,How tall is the Eiffel Tower?,Hindi,information,Shanghai,6.74,6.0,True,0.53,iOS 14
1114,55ec024a-e64b-4b37-ae01-a122f269921c,2025-02-04 16:20:04,tablet,Directions to nearest gas station,Mandarin,navigation,Shanghai,5.99,5.0,True,0.84,iOS 15
1115,be848aa2-392c-44da-9af3-da5a38e59b27,2025-04-30 06:14:31,car assistant,How to get to Central Park,French,navigation,Delhi,5.3,6.0,True,0.54,
1116,54d1332a-e308-4ddc-89c0-4b7d6ba4170b,2025-05-25 08:19:52,smart speaker,How to get to Central Park,French,navigation,Los Angeles,5.73,6.0,False,0.77,Android 10
1117,76b90436-4b46-4f33-95e7-f61442b40281,2025-02-15 17:48:10,car assistant,Play latest movie trailers,English,entertainment,Tokyo,9.81,4.0,True,0.98,
1118,a267d32f-ddcb-44bc-8dbd-c5da787515b9,2025-01-28 15:46:43,smartwatch,Directions to nearest gas station,English,navigation,Delhi,4.88,5.0,,0.8,Android 10
1119,801f4909-31cd-4f6e-a3b1-6d3678e36397,2025-02-16 12:45:55,smartwatch,Route to home,French,navigation,London,5.4,3.0,True,0.58,
1120,87a37f10-61b5-42ed-ae42-3568de14553b,2025-04-26 20:52:37,car assistant,How tall is the Eiffel Tower?,English,information,Delhi,7.1,6.0,True,0.92,
1121,daaf7529-deef-482a-8dd7-015869c165ae,2025-02-28 13:21:25,smartwatch,Who is the lead actor in Inception?,French,entertainment,Shanghai,7.21,7.0,,0.94,Android 11
1122,57b936b0-3346-4332-be0a-824e232a5e82,2025-06-08 21:56:39,smartwatch,Show me comedy shows,Spanish,entertainment,Paris,7.37,4.0,,0.67,Android 10
1123,e8184f34-e491-4f7d-91c4-6efcfcb896bb,2025-06-27 16:52:29,car assistant,Set an alarm for 7 AM,Spanish,command,Paris,6.28,6.0,True,0.8,iOS 14
1124,b7360c4f-dcc5-4975-90fe-819924aa5685,2025-03-12 01:02:48,smartphone,Navigate to airport,French,navigation,Paris,2.71,3.0,True,0.88,
1125,55273407-7cd2-492f-94b0-0f62c768b07f,2025-03-10 16:07:17,smartphone,Define artificial intelligence,English,information,Tokyo,8.27,3.0,True,0.84,Android 11
1126,0134e76b-0ed9-4a95-a26e-865b503be788,2025-06-25 13:26:29,tablet,Buy new headphones,Hindi,shopping,Los Angeles,2.71,3.0,True,0.56,Android 11
1127,c606ddc4-c2dd-401d-b59a-15334605ec0e,2025-03-07 11:31:10,smart speaker,Play latest movie trailers,Spanish,entertainment,Paris,5.61,4.0,True,0.88,Android 11
1128,7d54ec82-288f-4435-83b5-34db938703c9,2025-02-04 04:36:17,smart speaker,Define artificial intelligence,Mandarin,information,Tokyo,3.49,3.0,False,0.62,Android 10
1129,a22c3d4f-6f07-460f-9d4e-8b5d2120bfba,2025-06-16 18:23:19,smartwatch,How tall is the Eiffel Tower?,Hindi,information,Paris,4.87,6.0,True,0.6,iOS 15
1130,7a36e788-f71f-49a6-add4-9c966744cb9e,2025-05-29 20:46:04,tablet,How tall is the Eiffel Tower?,French,information,Shanghai,5.66,6.0,True,0.59,iOS 15
1131,330ccff5-88a5-4a0d-89a8-5dc50131ff3b,2025-05-25 21:33:25,car assistant,Add milk to shopping list,Spanish,shopping,New York,5.64,5.0,True,0.56,iOS 14
1132,527c8f50-e45a-47e8-839a-8ed5f337b261,2025-07-26 05:35:37,smart speaker,Open the calendar,Spanish,command,Shanghai,5.84,3.0,,0.6,iOS 14
1133,010e4265-ad3f-4dd4-8496-26ba30c9a2be,2025-04-07 15:11:58,car assistant,Buy new headphones,French,shopping,Delhi,8.23,3.0,True,0.97,iOS 14
1134,58274e80-e082-4918-b18a-d67d39ec8ca1,2025-05-02 04:54:38,smartwatch,Recommend a podcast,Mandarin,entertainment,New York,5.91,3.0,True,0.73,Android 11
1135,80daa8ca-6230-4d27-9a4b-160621019bff,2025-04-29 21:11:58,car assistant,Who won the game last night?,English,information,London,4.51,6.0,True,0.77,Android 11
1136,0bb432b3-d2e7-4deb-90b6-a6622ac1d5ca,2025-04-26 19:26:47,smartphone,Who is the lead actor in Inception?,Mandarin,entertainment,New York,6.93,7.0,True,0.9,iOS 15
1137,ba533122-74b7-4620-8a73-b0bff2ce7eeb,2025-07-22 01:26:22,tablet,Who won the game last night?,Spanish,information,Los Angeles,7.38,6.0,,0.66,iOS 14
1138,6f04af36-567c-4d44-862c-92fd98abb2e7,2025-02-21 23:00:28,smartphone,Recommend a podcast,English,entertainment,Shanghai,2.54,3.0,,0.92,iOS 15
1139,7d7c59a5-e6c1-4650-bf02-f5b057bd56c9,2025-05-20 12:27:39,smartphone,Who is the lead actor in Inception?,Mandarin,entertainment,Tokyo,6.19,7.0,True,0.91,
1140,f2b5a7ea-2a35-4e30-b03c-b04bc0079336,2025-06-06 15:52:57,smart speaker,Define artificial intelligence,French,information,Delhi,6.4,3.0,True,0.81,
1141,ba27bc64-396d-4ffb-ba79-9efa04e55bd5,2025-02-20 22:55:35,smartphone,What's the weather like today?,English,information,Delhi,4.4,5.0,,0.95,iOS 14
1142,96f61c09-059c-4ba0-bbec-721d3610901c,2025-07-15 23:31:32,smart speaker,Tell me news headlines,English,information,London,7.75,4.0,True,0.81,iOS 14
1143,b60b4f87-5dd8-4ffc-9f87-8b322b429596,2025-01-15 12:15:08,smartphone,Define artificial intelligence,English,information,London,4.7,3.0,True,0.7,
1144,417b6634-a3ec-452c-a065-3245600c9c71,2025-07-27 16:04:36,tablet,Route to home,French,navigation,New York,5.25,3.0,True,0.69,Android 10
1145,fea35d37-980b-4853-8c70-31eb9f85c2dd,2025-01-19 15:01:23,car assistant,Order me a pizza,Mandarin,shopping,Paris,4.65,4.0,True,0.73,Android 11
1146,d60bf603-a750-450e-9bad-52a8a976dc4d,2025-01-08 16:00:23,car assistant,Directions to nearest gas station,English,navigation,New York,5.03,5.0,True,0.86,
1147,6ab1cdb6-1da4-46fe-b093-70850c5921f8,2025-06-22 13:18:33,smart speaker,Find nearby clothing stores,French,shopping,London,2.81,4.0,,0.71,
1148,40b374f8-8c1a-42c7-9fa3-ed1f61584f88,2025-07-04 05:41:39,tablet,Find nearest coffee shop,Spanish,navigation,Tokyo,2.12,4.0,True,0.53,Android 11
1149,b1f81ad9-349b-4089-a733-5670b3ada2ba,2025-01-04 14:43:28,car assistant,What's trending on Netflix?,Mandarin,entertainment,London,8.19,4.0,True,0.94,iOS 15
1150,19d9d0b5-a962-4996-abbe-3b5a4d15f7d8,2025-07-22 01:38:00,smart speaker,Show me comedy shows,French,entertainment,London,3.31,4.0,,0.68,iOS 14
1151,b362cd55-9b0a-4a0b-9f6f-acc1451d38fe,2025-02-23 06:27:24,car assistant,Find nearby clothing stores,English,shopping,Los Angeles,3.02,4.0,True,0.91,
1152,1adba8cf-e60c-4638-94a5-a81e6b382a0a,2025-07-18 16:18:56,smartphone,Show me comedy shows,Spanish,entertainment,Los Angeles,1.64,4.0,False,0.89,Android 11
1153,485f7888-1e23-4a4b-9e21-741fb8011026,2025-02-14 06:40:26,smart speaker,Recommend a podcast,French,entertainment,Paris,3.72,3.0,,0.93,
1154,32da81f0-7f6b-43c6-9b34-1937c8e60939,2025-03-19 13:47:57,smartwatch,Buy new headphones,Hindi,shopping,London,2.35,3.0,False,0.55,iOS 14
1155,85ece729-d4dd-4b56-8353-91b2c72850c1,2025-03-20 07:43:49,tablet,Directions to nearest gas station,Spanish,navigation,Paris,8.28,5.0,False,0.73,iOS 15
1156,4b9c22f4-68e5-48cd-b414-6e4a5ba0c3e0,2025-03-04 06:47:25,smart speaker,Show me comedy shows,Hindi,entertainment,Los Angeles,7.02,4.0,True,0.59,iOS 14
1157,e90d21cb-7f11-4a36-8c52-d2710a167e18,2025-03-22 15:50:53,smartwatch,What's the weather like today?,Mandarin,information,New York,3.62,5.0,True,0.56,Android 11
1158,54a27051-7b0c-4ad9-aee1-3caeb02e21aa,2025-04-02 01:44:51,tablet,Route to home,Mandarin,navigation,New York,9.5,3.0,True,0.6,Android 11
1159,16c8e3d7-abf0-463e-8343-8b6400b3700f,2025-02-12 21:17:26,smart speaker,How to get to Central Park,Spanish,navigation,London,6.96,6.0,True,0.62,iOS 15
1160,7e7d9a19-ab45-4578-92fb-acf6d5d1c669,2025-02-27 22:07:38,smartphone,How to get to Central Park,English,navigation,New York,4.35,6.0,False,0.69,iOS 14
1161,82ff1f2e-c78f-47cf-970f-a87bf30ee4fe,2025-01-30 03:30:00,smartwatch,How to get to Central Park,Hindi,navigation,Los Angeles,1.37,6.0,,0.83,
1162,e79f9f3d-19ee-4c3b-b93c-4b0bb93b770c,2025-04-10 09:05:14,car assistant,Play latest movie trailers,English,entertainment,Los Angeles,9.58,4.0,False,0.9,iOS 15
1163,fd1935cc-74ed-460e-bb2d-520ba4f34185,2025-04-25 23:07:36,car assistant,Show me comedy shows,Mandarin,entertainment,Shanghai,2.22,4.0,True,0.99,iOS 15
1164,198d13a4-0cd2-4e43-b6da-e194439db29d,2025-03-09 20:20:19,smartphone,Add milk to shopping list,Spanish,shopping,Tokyo,1.71,5.0,True,0.65,iOS 15
1165,4a629c5e-da2c-4852-8a19-0939dfc7ab26,2025-05-20 21:26:38,smartwatch,Directions to nearest gas station,Mandarin,navigation,Tokyo,7.05,5.0,False,0.93,
1166,6d0e0597-500d-42a7-ad40-9244cd3566ef,2025-02-15 00:16:34,tablet,Directions to nearest gas station,Hindi,navigation,Tokyo,9.88,5.0,True,0.53,
1167,e3ea2d7f-c219-4845-99eb-404c1851d1cf,2025-01-18 19:43:02,tablet,Buy new headphones,Hindi,shopping,Shanghai,7.77,3.0,True,0.59,Android 11
1168,a9d1a28e-236d-4176-9a1c-96ae0279e2ab,2025-03-08 05:17:22,car assistant,Recommend a podcast,Hindi,entertainment,London,6.13,3.0,True,0.7,
1169,700e0efc-e4ff-431a-9b86-ea6954231dbe,2025-04-15 04:49:29,smartphone,Find nearest coffee shop,Spanish,navigation,Delhi,6.19,4.0,False,0.7,Android 11
1170,5f642a53-17cb-485d-bbaa-574fe0e3c5ce,2025-05-14 02:24:26,tablet,What's trending on Netflix?,Spanish,entertainment,Tokyo,6.71,4.0,,0.63,iOS 14
1171,6676cc75-6699-4af5-9d24-181c2ed087d4,2025-06-27 07:14:56,smart speaker,How tall is the Eiffel Tower?,Hindi,information,Shanghai,6.52,6.0,,0.62,iOS 14
1172,b09d721b-62be-4009-95f0-fb6a4596da75,2025-07-05 17:33:59,tablet,Add milk to shopping list,Mandarin,shopping,Delhi,5.56,5.0,True,0.73,Android 10
1173,e2d903c8-a61a-4d8e-abf7-240fccc62fed,2025-03-06 18:29:25,smartwatch,Show me comedy shows,Mandarin,entertainment,Delhi,5.21,4.0,True,0.59,iOS 15
1174,b9f6143b-b238-4056-a1ec-47541cf14654,2025-01-23 18:37:26,smartwatch,How tall is the Eiffel Tower?,English,information,London,4.87,6.0,True,0.76,iOS 14
1175,28ce231e-d827-4fc3-b145-8426fb481ded,2025-02-10 06:40:34,smartwatch,Directions to nearest gas station,English,navigation,New York,3.49,5.0,,0.52,iOS 15
1176,7b90942f-973b-4977-a946-28206a80cac2,2025-06-20 03:58:24,smartwatch,How to get to Central Park,Mandarin,navigation,London,4.44,6.0,,0.6,
1177,c7774fae-6137-48c3-9c7f-aca62e671784,2025-05-20 06:23:02,smart speaker,Buy new headphones,English,shopping,Tokyo,1.61,3.0,,0.64,Android 11
1178,af390a9d-dcd1-4413-8760-801f9c81fc46,2025-02-20 17:47:45,tablet,What's trending on Netflix?,English,entertainment,Delhi,4.8,4.0,True,0.99,iOS 15
1179,1ce97871-7cf5-4d5f-ab9f-33cb7bab1baa,2025-06-09 17:26:49,tablet,Find nearest coffee shop,Spanish,navigation,Delhi,3.02,4.0,False,0.76,
1180,42f90f92-1036-4a81-8bc4-d7ba70d0ebcb,2025-05-03 00:54:35,tablet,Show me comedy shows,English,entertainment,London,2.79,4.0,False,0.71,Android 10
1181,ad8cbfea-de4b-461e-b45e-9463032a09e0,2025-07-23 19:39:26,smart speaker,Recommend a podcast,French,entertainment,New York,5.36,3.0,,0.57,iOS 15
1182,b9493906-939f-44eb-be5e-215ec47cc30b,2025-03-28 23:41:26,smartwatch,Tell me news headlines,Mandarin,information,London,7.78,4.0,False,0.71,Android 10
1183,df865633-ab7a-4b66-b4ac-c7e2fa575cea,2025-05-12 09:11:25,car assistant,Play my favorite song,French,command,New York,6.84,4.0,True,0.89,iOS 15
1184,b359390e-b030-4aaf-85ea-16e084e3b774,2025-02-06 23:43:15,smart speaker,Open the calendar,French,command,Shanghai,1.86,3.0,True,0.93,Android 10
1185,3fa2bde0-ba05-4d0f-a966-0a5a6ecf1ed2,2025-07-07 03:54:36,smart speaker,Play latest movie trailers,French,entertainment,Delhi,3.02,4.0,False,0.74,Android 11
1186,a4331510-ad21-44cc-a9e8-f0d8588309de,2025-05-30 11:18:36,car assistant,Show me comedy shows,English,entertainment,Los Angeles,6.88,4.0,True,0.84,iOS 15
1187,8eefa5dd-d391-4dcf-96ca-de2c260e37cc,2025-01-22 04:35:35,smartphone,Track my Amazon order,English,shopping,Los Angeles,3.04,4.0,False,0.53,Android 10
1188,282c6470-ef32-472a-a4b5-c72302fb2869,2025-07-16 08:13:52,smartwatch,Find nearest coffee shop,Mandarin,navigation,Paris,4.55,4.0,True,0.53,iOS 14
1189,7eef09ab-da14-4a47-b823-51d9d94df188,2025-03-06 05:40:33,smartwatch,Order me a pizza,Spanish,shopping,London,6.1,4.0,True,0.7,iOS 14
1190,52150ed8-7ddc-4413-805d-b774132a5e58,2025-04-04 13:16:28,smart speaker,Track my Amazon order,Hindi,shopping,Paris,3.06,4.0,True,0.69,iOS 15
1191,0ce3c8c8-4735-4e4f-b85b-6d0a54b58635,2025-07-16 20:55:25,smart speaker,How to get to Central Park,Hindi,navigation,Tokyo,5.21,6.0,True,0.58,
1192,60ee64ba-a4b0-418e-8ced-470739034b65,2025-06-06 14:48:50,smartwatch,Find nearby clothing stores,French,shopping,Paris,2.33,4.0,True,0.64,iOS 14
1193,75873920-142e-4df0-bc28-f5dcd12daea8,2025-06-22 12:08:25,smart speaker,Play latest movie trailers,Hindi,entertainment,Shanghai,3.8,4.0,False,0.76,
1194,1688782f-72b6-46ca-92b2-6acdcd1f75a3,2025-07-13 13:56:52,tablet,Recommend a podcast,French,entertainment,New York,5.64,3.0,True,0.64,Android 10
1195,fb0d3cda-1e63-4261-90e9-688872730e7b,2025-07-13 03:51:20,smartwatch,Call Mom,French,command,Tokyo,1.81,2.0,False,0.71,iOS 15
1196,1a46d536-048c-4480-a743-7402bec7fb11,2025-06-06 16:19:48,car assistant,Recommend a podcast,Hindi,entertainment,Paris,5.88,3.0,False,0.85,iOS 14
1197,8c91bd13-8ea0-4346-892c-4801698f04f8,2025-01-01 01:34:54,tablet,Who won the game last night?,Spanish,information,London,4.96,6.0,True,0.65,iOS 14
1198,9aad10ce-cab2-4f24-9744-ee3fd36ec1bd,2025-04-29 07:03:31,smart speaker,Recommend a podcast,French,entertainment,New York,6.1,3.0,,0.54,iOS 14
1199,34f43404-8ff5-4701-8222-6c16e3de4ec0,2025-06-27 04:09:57,car assistant,Call Mom,Hindi,command,Los Angeles,5.45,2.0,,0.6,iOS 14
1200,d34794cc-5d04-432d-9742-3882f34a7949,2025-01-22 01:52:53,tablet,What's the weather like today?,Hindi,information,Delhi,7.73,5.0,,0.87,iOS 15
1201,74577d47-d825-4010-b911-2943d10bf4dc,2025-05-09 22:12:32,tablet,What's the weather like today?,Mandarin,information,New York,5.25,5.0,False,0.66,Android 10
1202,99966612-9ea8-4552-8475-66bf8f660bbd,2025-07-03 17:55:31,tablet,Play latest movie trailers,English,entertainment,Shanghai,4.14,4.0,False,0.86,Android 10
1203,b7461b72-5d00-4f1b-a83c-1c2bb776e729,2025-06-25 17:54:29,smart speaker,Show me comedy shows,Spanish,entertainment,Los Angeles,5.24,4.0,True,0.8,iOS 15
1204,a8ae57b9-c262-4ad0-98f1-a1e41d30a290,2025-03-28 02:49:58,smartwatch,Define artificial intelligence,Hindi,information,Los Angeles,6.09,3.0,True,0.84,iOS 14
1205,d4734534-5aea-4352-9763-2e1e008ffab9,2025-04-24 09:29:02,smartwatch,Navigate to airport,Mandarin,navigation,Los Angeles,5.1,3.0,False,0.86,
1206,b3bc912f-5fb7-474e-85a0-d0898c357321,2025-02-11 06:59:42,smart speaker,Play latest movie trailers,French,entertainment,Paris,5.08,4.0,True,0.7,Android 11
1207,7e0f60b2-2a06-4609-a599-bd3c0bb81d38,2025-02-24 13:04:52,tablet,Define artificial intelligence,English,information,New York,3.6,3.0,True,0.88,iOS 15
1208,b8b818cf-be15-4187-b783-e1d5d26404b9,2025-06-08 22:07:14,smartwatch,Find nearest coffee shop,English,navigation,New York,3.67,4.0,True,0.51,iOS 14
1209,3227e8d8-9c60-481b-8119-1aa71b61d453,2025-03-14 20:01:52,smartwatch,Directions to nearest gas station,Spanish,navigation,New York,2.19,5.0,False,0.86,iOS 14
1210,6494dd5c-da29-4905-ae22-a70b1ee93260,2025-03-25 17:26:23,tablet,Order me a pizza,Mandarin,shopping,London,8.5,4.0,True,0.81,
1211,30c9c51f-c80b-4af7-9315-fafa7500f785,2025-05-12 05:46:08,smart speaker,Track my Amazon order,Hindi,shopping,New York,2.51,4.0,False,0.61,Android 11
1212,0be7728e-6a1a-4a9d-81d4-8a101b968925,2025-02-17 20:29:09,smartwatch,Directions to nearest gas station,Hindi,navigation,Paris,3.61,5.0,,0.51,iOS 15
1213,75175f39-7354-44fb-a44a-0371c5ab4e57,2025-07-15 19:27:43,tablet,Directions to nearest gas station,Mandarin,navigation,Paris,3.56,5.0,True,0.68,iOS 14
1214,011c4544-7fb3-4be5-b6bf-2f7222778161,2025-07-25 23:21:14,smart speaker,Show me comedy shows,French,entertainment,Delhi,6.79,4.0,True,0.86,
1215,ef705d01-8da0-4d88-8c6f-3051bc788423,2025-06-18 02:05:06,smart speaker,Set an alarm for 7 AM,French,command,London,4.41,6.0,True,0.84,iOS 15
1216,eca391d4-7ba1-4dd7-95ca-788dd6bca712,2025-07-17 10:00:21,smartwatch,How to get to Central Park,Hindi,navigation,New York,7.5,6.0,,0.51,
1217,2d5d2395-e901-4768-abd1-4b0cc7f4f4f9,2025-03-09 10:32:16,tablet,What's trending on Netflix?,Spanish,entertainment,Shanghai,3.65,4.0,True,0.85,iOS 14
1218,1a82833c-20dd-40ff-90b3-d752bb01b2a5,2025-05-31 10:52:54,smart speaker,Define artificial intelligence,English,information,London,5.56,3.0,False,0.87,iOS 15
1219,e1f85b33-9b2d-4a2a-99bd-6240a8535961,2025-05-05 23:48:04,car assistant,What's the weather like today?,Spanish,information,London,3.33,5.0,True,0.65,iOS 15
1220,6b2d9ccc-6279-403c-a1a2-cfe7810d5c57,2025-04-07 09:45:11,tablet,Directions to nearest gas station,Spanish,navigation,Paris,9.29,5.0,True,0.99,Android 10
1221,57c5982c-f6ae-40e8-a5da-ced0460a6125,2025-04-25 05:53:46,smartwatch,How to get to Central Park,Mandarin,navigation,Paris,2.62,6.0,True,0.76,Android 10
1222,235fc3d5-2224-4806-8e07-2a5273edb223,2025-06-10 07:03:59,smartwatch,Who won the game last night?,Mandarin,information,London,5.62,6.0,False,0.6,iOS 14
1223,bf98e734-e2ed-4686-b334-22cb9a3f0ad1,2025-07-18 22:55:55,smart speaker,Route to home,Hindi,navigation,Shanghai,6.27,3.0,,0.59,iOS 14
1224,8c3d031a-b395-4193-97d3-b9d94c859233,2025-05-02 21:51:38,smartphone,Play latest movie trailers,Spanish,entertainment,New York,5.83,4.0,False,0.97,iOS 15
1225,8db78572-ef7d-4821-bca0-258eb63d65d5,2025-03-26 09:46:46,smartphone,Route to home,French,navigation,Tokyo,4.63,3.0,False,0.62,iOS 14
1226,b6e1e7ac-9fc9-4264-b5af-bb2d336d7786,2025-04-23 20:23:49,tablet,Show me comedy shows,Spanish,entertainment,Paris,4.74,4.0,False,0.62,iOS 15
1227,ac20af11-ebd3-4927-9865-28e6afc5c20e,2025-02-21 12:35:24,car assistant,How to get to Central Park,Mandarin,navigation,Shanghai,5.09,6.0,True,0.98,iOS 15
1228,f9a55cf2-a66c-4fa1-b5dc-8a9afb38cd91,2025-03-11 01:20:04,smartwatch,Play latest movie trailers,Mandarin,entertainment,Delhi,4.71,4.0,True,0.58,Android 10
1229,a30a6658-b1be-4df2-8ae0-b8a080ff2909,2025-05-06 04:48:44,tablet,Add milk to shopping list,Hindi,shopping,Tokyo,6.93,5.0,False,0.91,Android 10
1230,5a2c41bc-c2c2-46ff-9d8b-32d9b5d9ad36,2025-07-06 13:22:19,smartphone,Recommend a podcast,English,entertainment,Tokyo,9.42,3.0,,0.8,iOS 15
1231,aacad101-f153-4f68-9215-583a9532caba,2025-06-12 03:10:34,car assistant,How to get to Central Park,Hindi,navigation,Delhi,3.89,6.0,,0.73,Android 10
1232,d7654a18-e4d4-46eb-bf74-531cac9b389a,2025-07-27 08:20:05,car assistant,Track my Amazon order,English,shopping,London,2.26,4.0,False,0.86,iOS 15
1233,6c21835d-d8e8-497c-a0a2-59014932936e,2025-01-05 23:01:47,smart speaker,Directions to nearest gas station,English,navigation,Tokyo,4.82,5.0,True,0.87,Android 11
1234,6180b78a-0678-4c34-9b41-a61e85d1a1ef,2025-02-26 10:32:35,tablet,Recommend a podcast,Hindi,entertainment,Paris,10.16,3.0,,0.69,Android 11
1235,332cce0a-0e7d-4698-ab95-c72f0d95aaf5,2025-04-14 16:25:04,car assistant,Tell me news headlines,English,information,New York,3.39,4.0,True,0.97,iOS 15
1236,fbc8c77e-2933-4fc4-8918-a346c00c200c,2025-04-22 07:27:01,smart speaker,Show me comedy shows,Mandarin,entertainment,Shanghai,8.28,4.0,True,0.82,Android 11
1237,d6e1ba00-257c-44bc-8024-c424aef2ab2f,2025-01-25 02:11:16,smartphone,Recommend a podcast,Spanish,entertainment,Los Angeles,8.36,3.0,True,0.52,Android 11
1238,34396729-4b8e-4509-88cb-a592b0cad2eb,2025-07-30 04:05:22,smartphone,How to get to Central Park,French,navigation,Delhi,3.89,6.0,False,0.63,
1239,73dd3bc6-d064-45a8-9bd2-9cb108453b2f,2025-02-09 19:10:58,car assistant,Directions to nearest gas station,English,navigation,Tokyo,6.14,5.0,True,0.82,Android 10
1240,bd4f6118-acef-45c4-9e37-90fb9db94eee,2025-03-29 02:41:46,tablet,Order me a pizza,French,shopping,Los Angeles,8.26,4.0,True,0.58,Android 10
1241,638e1388-8faf-4d4a-a5a9-9ebcbe0ec2da,2025-04-03 06:33:01,smartwatch,Open the calendar,French,command,Paris,4.24,3.0,True,0.79,Android 10
1242,cc7f9517-cbfd-4a31-88c8-5ad682cbcdc7,2025-04-22 16:59:11,smartphone,Define artificial intelligence,Mandarin,information,Tokyo,4.59,3.0,False,0.63,iOS 15
1243,ed2e1bcd-0c06-4f90-aa1c-4023b1644235,2025-05-29 04:36:28,tablet,Set an alarm for 7 AM,Spanish,command,Tokyo,3.84,6.0,True,0.5,iOS 14
1244,c9c1ad45-f4ea-4b97-aaa4-15b56336c815,2025-05-02 10:08:46,tablet,Track my Amazon order,Mandarin,shopping,Paris,2.97,4.0,True,0.59,Android 11
1245,0351b09d-0dc5-4b06-8d58-09b7f740d87c,2025-04-08 14:40:08,smart speaker,Find nearest coffee shop,Hindi,navigation,Los Angeles,3.7,4.0,True,0.97,Android 10
1246,c7eab19b-de6c-436b-9edd-218233fd862d,2025-06-22 01:39:15,car assistant,Find nearest coffee shop,Spanish,navigation,New York,2.55,4.0,False,0.9,iOS 15
1247,a23ff67d-e957-4bc2-b9bd-8bd6d479cc36,2025-05-23 19:35:44,smartwatch,Recommend a podcast,French,entertainment,New York,5.07,3.0,False,0.54,iOS 14
1248,bd0b0fa2-8bee-483f-96a0-6bf2c14ebd10,2025-03-18 07:13:28,tablet,How tall is the Eiffel Tower?,English,information,London,3.46,6.0,True,0.79,Android 10
1249,318910ec-f6db-42b6-b993-ff63c6b18d94,2025-04-25 05:56:06,tablet,What's the weather like today?,English,information,London,5.47,5.0,True,0.83,iOS 14
1250,aec2bb19-fbc3-48d8-ad6b-c88272e588e9,2025-01-29 22:06:04,smartphone,Route to home,English,navigation,Delhi,1.89,3.0,True,0.76,Android 11
1251,bc2e2b59-2c7d-4667-b664-c7202fddb26a,2025-07-19 13:23:59,tablet,Show me comedy shows,French,entertainment,Delhi,5.66,4.0,,0.69,Android 11
1252,6db2b020-0a67-4143-a090-103c1e8df8ad,2025-04-19 09:30:52,smartwatch,How to get to Central Park,Hindi,navigation,Delhi,6.67,6.0,True,0.53,Android 11
1253,2932a211-214c-4a4d-83a5-34d28e7d3f5a,2025-04-10 00:55:22,smartwatch,What's the weather like today?,Hindi,information,Tokyo,1.01,5.0,True,0.86,iOS 15
1254,b5ae329d-7761-4d80-949f-c34c0171f5a7,2025-03-02 02:53:37,smartphone,Order me a pizza,French,shopping,London,5.75,4.0,False,0.68,
1255,5297e1ad-edba-4484-a759-1ad40a398bf7,2025-01-20 18:00:25,tablet,Track my Amazon order,Spanish,shopping,New York,7.46,4.0,,0.51,Android 11
1256,9d9887bc-a018-4791-aeb0-93fec60ea4d5,2025-04-27 22:57:58,smartphone,Call Mom,Spanish,command,Shanghai,2.58,2.0,True,0.7,
1257,8cd74c27-929a-4586-8a37-6c367d94bf10,2025-05-20 01:35:58,smartphone,Call Mom,Hindi,command,Paris,8.35,2.0,True,0.87,Android 11
1258,515f352c-b52a-4e6b-88b6-48e012a850c5,2025-07-24 01:02:13,car assistant,Find nearest coffee shop,French,navigation,Shanghai,5.84,4.0,True,0.52,Android 10
1259,85467426-2f12-4b9e-b4fd-25b7384f6e3b,2025-01-27 11:27:02,smartphone,Open the calendar,Hindi,command,Los Angeles,3.59,3.0,True,0.98,Android 10
1260,6a7a7841-28cc-412a-8150-e0c9c948384b,2025-07-28 13:32:16,car assistant,Find nearest coffee shop,Spanish,navigation,Los Angeles,4.89,4.0,True,0.55,iOS 14
1261,38a06ffe-5972-48c5-9789-be6367465743,2025-03-24 20:36:05,smart speaker,Call Mom,Mandarin,command,Los Angeles,6.12,2.0,,0.83,iOS 14
1262,5c5d3f1b-54c0-46c2-94f6-516ea9d049dc,2025-04-25 00:18:40,smart speaker,Track my Amazon order,English,shopping,Tokyo,5.15,4.0,,0.94,
1263,9e47a339-c0ae-4b1a-b347-673637ec07a6,2025-07-26 00:36:29,car assistant,How tall is the Eiffel Tower?,Hindi,information,Paris,6.08,6.0,True,0.83,
1264,d2dd3e26-8fb3-4134-bf23-36e979903d96,2025-01-04 10:03:23,tablet,Find nearest coffee shop,Mandarin,navigation,New York,3.16,4.0,,0.54,iOS 14
1265,72173fa3-5893-4f12-ab3f-8d221d5e6aee,2025-04-04 08:12:16,smartwatch,Find nearby clothing stores,English,shopping,Shanghai,5.34,4.0,,0.56,Android 11
1266,eb29d912-9d1b-43df-a46b-6fcee78d147c,2025-04-05 16:38:01,tablet,Order me a pizza,Mandarin,shopping,New York,2.17,4.0,True,0.77,Android 10
1267,e2ba9fce-aebb-4f9c-8a35-653cf57a431e,2025-05-05 15:20:59,tablet,Play my favorite song,Spanish,command,Shanghai,4.78,4.0,True,0.8,iOS 14
1268,f1eab64a-cbd4-41cc-aa7a-8c2161a1a29c,2025-02-14 00:43:21,tablet,Define artificial intelligence,Hindi,information,London,3.19,3.0,False,0.91,Android 11
1269,b9567731-8a4c-4e1f-81af-eb2a62c8c3f4,2025-04-20 20:09:26,smart speaker,Recommend a podcast,Spanish,entertainment,Shanghai,3.53,3.0,,0.57,iOS 14
1270,d275bd43-8451-4303-a94d-4fbe06531d47,2025-05-26 14:51:44,car assistant,Play my favorite song,French,command,Paris,7.47,4.0,True,0.64,
1271,7210045a-823c-4ef9-8d85-65ce83a9c235,2025-07-09 01:20:55,tablet,Navigate to airport,Mandarin,navigation,Paris,7.18,3.0,True,0.53,Android 11
1272,a6ca8d50-e5f5-4891-8be3-18a80b39dccf,2025-03-16 18:20:43,smart speaker,Find nearest coffee shop,English,navigation,Tokyo,6.22,4.0,False,0.93,Android 10
1273,f2be029f-1514-4755-838e-9a615200044b,2025-02-07 06:22:43,smartwatch,Directions to nearest gas station,French,navigation,Delhi,2.82,5.0,,0.71,Android 10
1274,c5f833cf-f4ce-4477-b8bc-a9ac2ada62ce,2025-07-28 22:17:19,smartwatch,Recommend a podcast,English,entertainment,Shanghai,4.37,3.0,,0.64,iOS 15
1275,10c2c2e5-a07e-4fb1-81e0-6ad888802d4d,2025-03-23 20:37:32,car assistant,Play latest movie trailers,Spanish,entertainment,London,7.43,4.0,True,0.93,iOS 14
1276,3692a531-c609-4cd8-a127-dc6bab9b153d,2025-06-14 17:55:07,smartwatch,Who is the lead actor in Inception?,French,entertainment,Los Angeles,5.28,7.0,True,0.85,Android 11
1277,89aa4293-34a0-4cd4-9a9a-f29ed5ee2587,2025-06-19 00:42:35,smart speaker,Find nearest coffee shop,Spanish,navigation,Paris,9.64,4.0,True,0.68,
1278,12767d13-f093-4776-9116-d014a5850828,2025-03-01 17:05:47,smartphone,Navigate to airport,Hindi,navigation,Paris,5.79,3.0,False,0.96,iOS 14
1279,54eb4c91-b784-4e08-b58f-c8fa0614ac41,2025-01-15 17:07:33,smartwatch,Who is the lead actor in Inception?,English,entertainment,New York,5.38,7.0,True,0.83,
1280,2d90e4ee-0de4-433e-92c0-620c1667c518,2025-04-08 19:57:09,tablet,Navigate to airport,Spanish,navigation,New York,4.38,3.0,True,0.62,Android 10
1281,d255a4de-9330-4a83-9208-7e208ede9b46,2025-03-30 09:48:39,smartwatch,Find nearby clothing stores,Hindi,shopping,Tokyo,5.27,4.0,True,0.89,Android 10
1282,63561add-685a-4f2b-8236-c0bfe9366a85,2025-06-25 04:47:45,smartwatch,Show me comedy shows,English,entertainment,New York,4.7,4.0,True,0.54,Android 10
1283,50ffde64-6eda-4a8c-a789-e7d0a155eb2c,2025-01-07 13:26:06,car assistant,Directions to nearest gas station,French,navigation,Shanghai,6.42,5.0,True,0.74,iOS 14
1284,88eae7d4-1e49-4952-ac5d-4e5763b664f4,2025-01-03 06:58:55,car assistant,Navigate to airport,Hindi,navigation,Paris,6.91,3.0,True,0.65,iOS 15
1285,103056b7-9e4c-44dd-b864-a47ba43447fb,2025-01-18 16:14:52,smartphone,Set an alarm for 7 AM,French,command,Los Angeles,3.43,6.0,True,0.91,iOS 14
1286,5b923c67-1295-48df-9926-fe41b36d0121,2025-07-15 06:46:48,tablet,Add milk to shopping list,French,shopping,Delhi,2.34,5.0,True,0.76,
1287,af95be79-c971-4f51-8a32-bb221b2bb2ec,2025-04-28 00:47:31,car assistant,Who won the game last night?,English,information,Los Angeles,1.33,6.0,True,0.85,iOS 14
1288,c3e90323-4811-46e9-9625-34ca9b47e639,2025-06-19 23:26:14,car assistant,Show me comedy shows,English,entertainment,New York,6.02,4.0,False,0.79,iOS 15
1289,a9252745-d276-4c96-a526-247461a451ff,2025-01-12 23:15:19,smartphone,Buy new headphones,English,shopping,New York,2.79,3.0,True,0.75,Android 11
1290,38491ecc-8891-47fd-a804-d0ac795741bb,2025-02-22 23:10:02,car assistant,Navigate to airport,English,navigation,Los Angeles,1.3,3.0,True,0.95,Android 11
1291,cc27f386-cbf9-45b5-a418-16b7bf2b43b4,2025-04-25 13:23:54,car assistant,Who is the lead actor in Inception?,French,entertainment,Delhi,5.78,7.0,,0.76,Android 11
1292,4c4d6e40-24e2-426c-a250-d133f5cb5be4,2025-05-25 21:49:42,car assistant,Add milk to shopping list,Spanish,shopping,Paris,9.99,5.0,True,0.83,iOS 14
1293,8db3c2c1-02da-4d76-b310-2525f5179e72,2025-02-24 21:41:59,smart speaker,Who won the game last night?,Spanish,information,London,4.99,6.0,False,0.98,
1294,929daf9f-0149-42af-8ab1-a5041f8c56e0,2025-06-03 01:06:27,car assistant,Route to home,Mandarin,navigation,London,6.68,3.0,False,0.86,Android 10
1295,15cadfaf-f26d-4dd3-8c2a-a0b18982cbf8,2025-04-29 07:55:38,smartphone,Buy new headphones,Mandarin,shopping,Delhi,5.16,3.0,False,0.7,iOS 14
1296,e74ed0b3-bdce-435f-bf90-5d6a35c606b5,2025-05-14 12:55:46,smartwatch,Who is the lead actor in Inception?,French,entertainment,Los Angeles,4.8,7.0,True,0.81,Android 11
1297,a55bc44f-e7d7-4d1d-a9a3-b9913634646c,2025-07-19 01:20:14,smart speaker,Open the calendar,French,command,Shanghai,6.84,3.0,False,0.71,iOS 15
1298,38858f7e-2f1a-45a8-a934-4e152477f047,2025-04-09 03:43:26,smartwatch,Recommend a podcast,English,entertainment,Shanghai,4.42,3.0,False,0.54,iOS 14
1299,abc53545-2e6d-4a04-9d57-e73431bf5cf6,2025-01-22 02:56:08,car assistant,Define artificial intelligence,Hindi,information,New York,5.53,3.0,,0.82,Android 11
1300,fd75a5f3-eeaf-4a83-8044-46bfd9f48bbd,2025-06-29 03:18:11,smartwatch,Turn off the lights,Spanish,command,London,5.64,4.0,True,0.55,iOS 15
1301,4a68369c-12b9-4a50-8cb6-d1f0a5096396,2025-01-27 03:51:59,tablet,What's the weather like today?,Spanish,information,Shanghai,3.66,5.0,,0.79,Android 10
1302,b9c037aa-3289-458b-9923-cafc402d105b,2025-07-09 04:56:37,smartphone,Buy new headphones,French,shopping,Tokyo,6.98,3.0,,0.78,
1303,20d2b528-5b6d-4b7c-94b2-a582f3981e9e,2025-04-02 02:00:16,smartphone,Who won the game last night?,Mandarin,information,Tokyo,4.65,6.0,True,0.59,
1304,11defebf-9e98-461d-88fe-bf6d199c8d94,2025-03-17 03:32:14,car assistant,Track my Amazon order,Hindi,shopping,Shanghai,3.49,4.0,False,0.63,
1305,540e7d01-735d-48f3-bc61-66df515a6b43,2025-04-29 17:06:07,smart speaker,Find nearest coffee shop,Hindi,navigation,Shanghai,6.07,4.0,,0.53,Android 11
1306,90c80420-2703-4b27-958c-2936b18678ce,2025-05-22 13:19:30,smart speaker,Track my Amazon order,Hindi,shopping,Los Angeles,3.2,4.0,True,0.99,Android 10
1307,6da58dad-f56a-4bc0-90fb-35b0cec56969,2025-03-07 11:50:03,car assistant,Play my favorite song,Hindi,command,Shanghai,5.06,4.0,False,0.65,iOS 14
1308,c921057c-3f05-457c-902e-d818013ca998,2025-03-28 00:46:09,smartwatch,Show me comedy shows,English,entertainment,Paris,4.98,4.0,True,0.54,iOS 15
1309,6fa5d3b0-a40d-4ea5-bd64-987eb652ae99,2025-04-18 10:50:34,smartphone,Route to home,English,navigation,New York,7.17,3.0,,0.78,Android 10
1310,adf8f767-2261-4def-9c07-4653d71173e4,2025-05-09 18:23:26,smartphone,What's trending on Netflix?,Spanish,entertainment,Delhi,5.95,4.0,True,0.76,
1311,7202fae5-767d-4b27-bade-4367e0bd202c,2025-05-20 07:42:50,smartphone,Play latest movie trailers,French,entertainment,Los Angeles,4.95,4.0,True,0.86,
1312,8d3a5d76-7caa-481b-8e33-6644c65720ae,2025-02-12 06:23:37,smartwatch,Route to home,French,navigation,New York,6.64,3.0,True,0.72,iOS 15
1313,14fc3a5d-9b4b-4377-a542-deb92cff45f8,2025-04-19 23:31:48,car assistant,Find nearest coffee shop,English,navigation,London,7.78,4.0,False,0.76,iOS 14
1314,e42c0aea-23d7-463d-9391-d017dbd4a86d,2025-07-29 04:17:02,tablet,Recommend a podcast,Spanish,entertainment,London,6.12,3.0,True,0.67,iOS 15
1315,e2e6e7a6-bbc9-4473-8363-589c32495cff,2025-01-30 16:40:51,car assistant,How tall is the Eiffel Tower?,Mandarin,information,Delhi,5.02,6.0,,0.63,iOS 14
1316,04c4f46a-e461-4160-934d-695aba388c8f,2025-07-16 23:14:40,car assistant,Who is the lead actor in Inception?,Mandarin,entertainment,Paris,2.38,7.0,True,0.91,iOS 14
1317,94f6c67a-d009-4507-87fc-584ea1b24627,2025-06-07 08:07:36,tablet,Track my Amazon order,English,shopping,London,2.87,4.0,True,0.81,Android 11
1318,e80382eb-3677-4be4-970c-9eb4c4ea4ece,2025-01-15 05:39:41,smartwatch,Set an alarm for 7 AM,English,command,London,4.39,6.0,False,0.7,iOS 14
1319,e4dc4306-8b20-4e3e-82b7-c0488d3543be,2025-07-29 14:09:19,smartphone,Recommend a podcast,Spanish,entertainment,New York,3.78,3.0,True,0.76,iOS 15
1320,260ccfb4-c673-4380-a766-861778dbcde3,2025-05-23 01:40:36,tablet,Tell me news headlines,English,information,Los Angeles,4.63,4.0,,0.61,Android 10
1321,c5ab48da-e435-4021-b92a-9fc4647ac591,2025-04-24 00:18:31,smartwatch,Play my favorite song,Hindi,command,Los Angeles,5.11,4.0,True,0.91,iOS 14
1322,82aa5c46-8049-4bbf-b6f6-a77822460ac9,2025-02-05 04:01:28,tablet,Who is the lead actor in Inception?,Spanish,entertainment,London,6.06,7.0,True,0.5,iOS 15
1323,02b622e9-808e-48d2-9d26-4b1b6593b659,2025-04-03 18:31:49,smartphone,How to get to Central Park,English,navigation,Los Angeles,4.86,6.0,True,0.71,Android 11
1324,fb5abb36-ce79-48b7-b6c8-b8b9d9155664,2025-03-06 09:46:26,smartphone,Find nearest coffee shop,Hindi,navigation,Paris,5.97,4.0,,0.56,Android 10
1325,723b80d4-23ef-4561-839e-7623c1d841d3,2025-03-03 20:03:37,car assistant,Who is the lead actor in Inception?,Mandarin,entertainment,Tokyo,5.13,7.0,True,0.75,Android 10
1326,90d9170c-f2de-475c-90fc-c9f12ddc756b,2025-02-26 18:40:26,smart speaker,What's the weather like today?,English,information,Los Angeles,1.05,5.0,False,0.67,iOS 14
1327,f06dca24-7bc6-4121-bb64-a525bc653d94,2025-05-20 08:13:00,smart speaker,How tall is the Eiffel Tower?,Hindi,information,Shanghai,3.12,6.0,True,0.72,Android 11
1328,7cd61da4-c2ef-4a8b-b804-87860a58f43c,2025-04-01 00:03:56,smartwatch,Play latest movie trailers,Hindi,entertainment,Los Angeles,4.71,4.0,True,0.58,
1329,3be8a5df-5e93-4de0-83ac-e8751017ab44,2025-01-17 15:00:12,smart speaker,How to get to Central Park,English,navigation,Tokyo,2.58,6.0,,1.0,iOS 15
1330,e860bcb1-8494-405c-b4ef-2552ab286d09,2025-05-21 07:06:24,tablet,Navigate to airport,English,navigation,Paris,6.2,3.0,True,0.81,iOS 15
1331,7463835e-eafb-4f20-b83c-91eb635a11f2,2025-01-19 00:49:42,car assistant,Find nearest coffee shop,English,navigation,Los Angeles,8.06,4.0,True,0.52,iOS 15
1332,52f6531f-a605-47c9-bb07-ee930a3731ab,2025-02-10 02:07:36,smart speaker,Play latest movie trailers,French,entertainment,Los Angeles,7.44,4.0,True,0.93,Android 10
1333,a2317211-8578-41c6-b7eb-c69ab4280f0d,2025-04-17 05:09:39,tablet,Buy new headphones,Spanish,shopping,Los Angeles,4.57,3.0,,0.71,iOS 14
1334,94213090-4368-4e93-bded-cb7ad5ba304c,2025-03-09 12:23:51,car assistant,Play latest movie trailers,Mandarin,entertainment,New York,7.98,4.0,,0.68,Android 11
1335,5d8416e0-60e6-46ff-a757-43f9606cc2f5,2025-01-31 05:29:52,tablet,How to get to Central Park,English,navigation,Los Angeles,5.3,6.0,True,0.5,Android 11
1336,f9012b9c-6057-453a-8067-f79084440504,2025-03-28 13:34:17,smart speaker,Call Mom,Mandarin,command,Shanghai,4.33,2.0,True,0.72,Android 11
1337,d1366db1-5a57-4607-a7e5-46468430f0fa,2025-05-14 23:56:03,tablet,Play my favorite song,Mandarin,command,New York,3.77,4.0,True,0.83,
1338,e31db345-7b6b-411e-8aeb-99597ca2f582,2025-01-03 13:29:41,smart speaker,Play my favorite song,Mandarin,command,Paris,4.4,4.0,True,0.76,Android 11
1339,709d338b-2393-4d45-a1cc-ff0d8078636d,2025-03-06 07:33:29,smart speaker,Turn off the lights,French,command,Delhi,4.22,4.0,True,0.94,iOS 15
1340,a4bae8bf-83b8-4a05-93bc-0dc63ae0acdb,2025-04-20 01:20:03,car assistant,What's the weather like today?,French,information,Paris,5.34,5.0,False,0.6,Android 10
1341,28489240-2fd9-4ce1-a676-27ca3625fc20,2025-05-21 16:09:45,smartphone,Define artificial intelligence,French,information,London,5.32,3.0,,0.86,iOS 15
1342,1e4ae3a7-d123-47c1-b7a1-267e9a1e0036,2025-03-31 10:59:00,car assistant,Directions to nearest gas station,Spanish,navigation,Los Angeles,5.01,5.0,True,0.78,Android 11
1343,b862acc3-5489-4c37-8fa9-026b6a241f46,2025-02-14 00:23:35,car assistant,Play my favorite song,Hindi,command,Paris,5.87,4.0,True,0.96,iOS 14
1344,7aa1219a-7a93-48bb-acdb-d5f27b44acd0,2025-03-23 19:54:11,tablet,What's trending on Netflix?,French,entertainment,Tokyo,7.38,4.0,True,0.58,Android 11
1345,d5576899-a5b2-47ea-a947-6f54973e129c,2025-06-09 13:51:29,smart speaker,Set an alarm for 7 AM,French,command,New York,6.9,6.0,False,0.87,Android 10
1346,20bd1422-0b0b-41de-be61-2d6605bf0618,2025-03-04 13:49:56,tablet,Add milk to shopping list,English,shopping,Los Angeles,2.03,5.0,True,0.88,Android 10
1347,0a086989-833c-4f55-a129-8fa2227d4660,2025-02-27 00:52:55,car assistant,Recommend a podcast,French,entertainment,London,1.21,3.0,True,0.58,iOS 15
1348,ec257a75-421d-4dca-aa95-59080e503fd8,2025-03-11 22:04:17,car assistant,Define artificial intelligence,Hindi,information,Shanghai,6.87,3.0,True,0.63,iOS 15
1349,996f7e88-67cb-4c39-b54f-1b928442906f,2025-01-08 05:33:04,smartwatch,Open the calendar,English,command,Los Angeles,2.27,3.0,False,0.52,iOS 15
1350,a9681fc1-ba5c-465d-b834-4070e0e5f6e5,2025-04-21 01:59:18,smartwatch,Who won the game last night?,Mandarin,information,Los Angeles,4.55,6.0,,0.94,iOS 14
1351,72fefdc2-3772-4a97-95f3-9d39f27f3ad7,2025-07-03 01:53:30,smart speaker,Route to home,English,navigation,New York,2.66,3.0,,0.82,Android 11
1352,38283a05-2baa-43c9-bb4e-9ecdde0787b1,2025-06-09 12:37:28,smartwatch,Define artificial intelligence,Mandarin,information,Paris,1.4,3.0,False,0.7,
1353,95284c0a-cb6b-4562-a488-c84d99d090fd,2025-03-12 15:16:59,smartwatch,Set an alarm for 7 AM,English,command,Tokyo,6.08,6.0,,0.61,Android 11
1354,43b7a0ef-82c4-4c54-a8de-bd889f8acdeb,2025-03-07 03:16:46,smart speaker,Set an alarm for 7 AM,French,command,Paris,6.52,6.0,True,0.55,Android 10
1355,ec1f41ce-57b9-4dfb-af82-e70cb9644e4f,2025-06-26 02:38:53,smartwatch,Add milk to shopping list,Spanish,shopping,Tokyo,3.85,5.0,True,0.61,Android 11
1356,3ad51382-119f-403e-9731-4c9198b6691b,2025-05-27 21:11:07,smart speaker,Track my Amazon order,Spanish,shopping,Delhi,1.23,4.0,True,0.68,Android 10
1357,043d72db-1bcb-404c-a1d8-b96a62ada157,2025-03-20 14:01:30,smartphone,Who is the lead actor in Inception?,Hindi,entertainment,Los Angeles,3.91,7.0,False,0.59,Android 10
1358,811db4af-e8ca-4483-9c0e-337585d0691c,2025-06-13 00:46:23,smart speaker,Set an alarm for 7 AM,Mandarin,command,Los Angeles,5.78,6.0,False,0.91,
1359,18a70609-9b02-4535-a649-a478d3966f0a,2025-03-10 21:41:40,smart speaker,Who won the game last night?,English,information,Delhi,2.04,6.0,False,0.73,Android 10
1360,998d65ba-9d60-42c5-a6cf-cbd879d29001,2025-01-16 03:50:49,smartphone,Find nearby clothing stores,English,shopping,Shanghai,5.37,4.0,True,0.69,iOS 14
1361,80da2ed7-880b-4b0e-88ab-96ace0b4659a,2025-02-15 15:19:56,smartphone,What's the weather like today?,Spanish,information,Los Angeles,4.97,5.0,True,0.63,
1362,215d3b1f-a8cd-444d-bb74-244017db4c2f,2025-07-29 10:30:34,smartphone,What's the weather like today?,French,information,Paris,6.16,5.0,,0.93,iOS 14
1363,f00f63ef-e59f-41c2-804e-a81ad3d877a8,2025-06-17 13:50:30,smart speaker,Navigate to airport,French,navigation,Delhi,5.24,3.0,False,0.65,Android 10
1364,dff47c51-5ed1-4e7f-abb1-f2bc85a4b0cb,2025-01-17 20:52:26,smart speaker,Directions to nearest gas station,French,navigation,Paris,3.05,5.0,,0.81,iOS 14
1365,3abf9c65-6dd0-43f3-87a2-0e22b298b811,2025-07-07 05:42:58,smartphone,What's the weather like today?,French,information,London,7.39,5.0,True,0.76,Android 10
1366,59bb8900-6198-4718-84c7-aab4ca20508d,2025-02-07 22:47:15,smart speaker,Who won the game last night?,English,information,Los Angeles,4.68,6.0,True,0.69,Android 11
1367,7a25ed81-4128-47eb-a246-29cd6cecdf82,2025-04-01 07:10:37,smartwatch,Navigate to airport,English,navigation,Delhi,4.95,3.0,False,1.0,iOS 15
1368,48842a14-1575-41ad-9bea-e9f8e8fb5a96,2025-06-08 16:51:48,smartphone,Play my favorite song,English,command,Shanghai,3.13,4.0,,0.56,iOS 14
1369,b58ac738-0166-4221-b063-ae7f41ff81d1,2025-01-03 18:18:28,smartphone,Find nearby clothing stores,Spanish,shopping,Delhi,4.11,4.0,True,0.67,iOS 15
1370,850f1cdc-1e2a-43f1-85c5-391093f6f723,2025-01-03 19:03:12,tablet,How to get to Central Park,French,navigation,Tokyo,3.23,6.0,,0.67,iOS 14
1371,b0117b0a-3496-41d6-a790-55b06001f54d,2025-05-03 16:25:02,smartwatch,Show me comedy shows,Mandarin,entertainment,Tokyo,4.65,4.0,True,0.89,iOS 15
1372,279f91ab-1b49-49b6-9cbd-b68268aa1236,2025-06-15 11:16:30,smart speaker,Turn off the lights,Hindi,command,Delhi,8.42,4.0,True,0.91,iOS 14
1373,42e4bf01-40ee-431d-95da-d216a6cdae3c,2025-07-28 04:51:35,car assistant,Show me comedy shows,Spanish,entertainment,New York,2.26,4.0,,1.0,iOS 15
1374,9ca4364d-5d9a-49f1-908e-3a956c6e8796,2025-04-18 00:24:37,tablet,Play my favorite song,Hindi,command,Delhi,1.77,4.0,True,0.85,Android 10
1375,c145d6ba-65bf-4e04-ae3c-2ce6fde6849b,2025-03-21 02:33:45,car assistant,Turn off the lights,Spanish,command,Delhi,7.94,4.0,True,0.77,
1376,8ebc6d7e-c8a6-4b85-8d56-bff669c9520f,2025-07-07 08:55:31,car assistant,What's trending on Netflix?,French,entertainment,Tokyo,4.58,4.0,False,0.69,
1377,8e0eabb7-8f20-45e7-9ec6-46eb2dc09158,2025-07-07 20:58:17,tablet,Add milk to shopping list,Spanish,shopping,Paris,3.66,5.0,True,0.62,iOS 14
1378,93e0f235-4e80-410b-bd0e-e0b640f7924b,2025-05-14 17:38:00,smart speaker,How tall is the Eiffel Tower?,French,information,Delhi,7.08,6.0,False,0.96,iOS 14
1379,bc5c3cd8-65eb-44dc-b49b-4b72c6319c16,2025-02-23 14:53:30,smartwatch,Turn off the lights,Mandarin,command,Delhi,3.79,4.0,False,0.92,
1380,1e7c6795-a8c6-42df-9d23-ff41dae13586,2025-03-31 05:37:25,tablet,Find nearest coffee shop,Spanish,navigation,New York,8.65,4.0,False,0.56,iOS 15
1381,f301bb6c-b306-4300-8879-d93272540ab7,2025-03-04 20:02:23,tablet,Tell me news headlines,Mandarin,information,New York,6.36,4.0,True,0.83,iOS 14
1382,668b28da-8222-4d7f-b6e6-ba8519abdc15,2025-05-12 10:28:09,tablet,Find nearby clothing stores,English,shopping,Los Angeles,4.02,4.0,,0.57,iOS 15
1383,b2725aa7-9d30-442e-8cf2-9000cd04c001,2025-01-21 05:10:02,smartphone,Define artificial intelligence,Hindi,information,Los Angeles,9.31,3.0,False,0.73,iOS 15
1384,a2c8cf62-f6ee-437d-a39c-4c6c2926205d,2025-01-03 01:18:44,car assistant,Call Mom,Hindi,command,Paris,3.79,2.0,,0.72,iOS 14
1385,25343e85-d2c0-4ec2-9751-94d7cdeb2696,2025-07-03 04:16:13,smartwatch,Who won the game last night?,English,information,Paris,6.48,6.0,True,0.8,iOS 15
1386,1690636b-6f74-455d-99a9-af6aed054732,2025-01-25 21:16:23,car assistant,Directions to nearest gas station,Hindi,navigation,Tokyo,5.6,5.0,True,0.84,Android 10
1387,147d7bfc-5eef-4d1e-b8c5-ef5e4359ff43,2025-01-15 15:54:18,car assistant,Open the calendar,French,command,London,7.6,3.0,False,0.71,iOS 15
1388,fc04ca7a-ee41-4f16-a263-307cb9787c4b,2025-06-05 14:16:50,smartwatch,Define artificial intelligence,Hindi,information,Los Angeles,8.12,3.0,False,0.7,iOS 14
1389,49560c36-8560-4e8a-a7fb-19979d2cd944,2025-01-23 07:35:39,smart speaker,Who is the lead actor in Inception?,French,entertainment,Shanghai,5.06,7.0,True,0.91,Android 10
1390,2cde9187-d1fa-42a6-860b-340cf21a6f38,2025-07-11 23:50:50,tablet,Call Mom,Hindi,command,Los Angeles,3.49,2.0,True,0.9,Android 10
1391,d9beccff-33a3-45f3-82bd-eabe706078eb,2025-07-21 05:32:19,smart speaker,Set an alarm for 7 AM,English,command,New York,5.92,6.0,,0.8,Android 11
1392,c8b190e1-089a-4f4f-b1da-e8174937b90f,2025-07-18 06:39:03,smartphone,How to get to Central Park,Spanish,navigation,Shanghai,3.64,6.0,True,0.53,
1393,9d7d1756-3b4e-49f5-b2cd-9a0a840c5cb0,2025-03-07 19:41:42,smartphone,Turn off the lights,French,command,Los Angeles,9.03,4.0,True,0.62,iOS 14
1394,3d3fec1b-5c17-4bb5-893b-4d72ac8cdcaf,2025-01-01 02:40:39,car assistant,Order me a pizza,French,shopping,Tokyo,5.27,4.0,True,0.52,Android 11
1395,ff2f6883-163b-4481-a84e-4cd4f9c3ee05,2025-04-18 03:55:04,smartphone,Set an alarm for 7 AM,Mandarin,command,Tokyo,4.27,6.0,,0.98,
1396,ab6ef8dd-5a66-4316-a641-4954c798a445,2025-06-03 11:00:02,smart speaker,Call Mom,Mandarin,command,Los Angeles,5.37,2.0,True,0.67,
1397,848ac924-3347-4a91-9609-598e67cba27a,2025-01-06 23:13:34,smartphone,Find nearby clothing stores,English,shopping,Shanghai,2.31,4.0,True,0.74,iOS 14
1398,eb4f3638-1190-4515-b420-9103bca726eb,2025-02-05 00:24:24,smartwatch,Find nearest coffee shop,Hindi,navigation,New York,3.06,4.0,True,0.98,iOS 15
1399,d46b7756-b9e4-49ef-88d4-95a48cb21aa2,2025-05-16 04:28:58,smart speaker,Find nearest coffee shop,French,navigation,Shanghai,7.4,4.0,True,0.83,Android 11
1400,46c937e0-d0c5-4550-b69a-053958f42098,2025-03-29 21:13:37,tablet,How to get to Central Park,Mandarin,navigation,London,3.69,6.0,True,0.93,Android 10
1401,746b161a-31cc-4738-b68a-e9b79b3aa1d1,2025-06-06 21:08:49,smartphone,Who is the lead actor in Inception?,Spanish,entertainment,Shanghai,2.91,7.0,True,0.54,iOS 15
1402,2ccf1472-42d7-4112-8130-d66b932d1648,2025-06-08 02:46:11,car assistant,Play latest movie trailers,English,entertainment,Los Angeles,6.07,4.0,,0.77,iOS 14
1403,1287e313-8f02-4c2c-9b41-49998198d1f5,2025-07-15 09:52:35,tablet,Tell me news headlines,Mandarin,information,Los Angeles,7.37,4.0,,0.58,Android 11
1404,1df44d3e-f26f-4b19-9708-013e4b541670,2025-07-19 08:10:43,car assistant,Play my favorite song,English,command,New York,6.44,4.0,False,0.86,Android 10
1405,89b4094a-e048-41de-81f8-3199f4eae769,2025-04-08 03:29:15,smartwatch,Show me comedy shows,Hindi,entertainment,Paris,6.99,4.0,False,0.97,
1406,60885550-f74f-4900-b159-4914b1b68ecd,2025-07-07 19:45:26,tablet,How tall is the Eiffel Tower?,Mandarin,information,Delhi,3.49,6.0,True,0.93,iOS 15
1407,56f401e5-c1e9-44fa-be47-27fdc51c91f4,2025-06-28 04:46:38,tablet,Open the calendar,French,command,London,2.16,3.0,,0.54,Android 10
1408,963a4333-e582-45dc-b5f1-c654ae7cfd14,2025-01-11 14:55:37,car assistant,Show me comedy shows,English,entertainment,Shanghai,8.0,4.0,True,0.87,iOS 15
1409,114b3c79-4200-49f5-9dc3-c26e7b62659e,2025-05-29 14:46:23,car assistant,Who won the game last night?,English,information,London,4.35,6.0,True,0.58,Android 10
1410,386af9dd-fe83-432a-89e5-5c47a237a8c1,2025-03-31 07:06:15,smartphone,Navigate to airport,Hindi,navigation,Paris,4.5,3.0,True,0.67,Android 10
1411,f49816ad-6994-4f84-90d3-ba03ccd7608f,2025-05-18 03:05:44,car assistant,Play latest movie trailers,English,entertainment,Los Angeles,7.66,4.0,True,0.96,Android 10
1412,b368d836-027d-4808-8920-7bc484399ed9,2025-04-13 06:35:49,tablet,Navigate to airport,Mandarin,navigation,New York,6.11,3.0,,0.67,
1413,66205167-17cf-475f-898b-cf673f8dcf96,2025-05-13 19:36:16,tablet,Navigate to airport,English,navigation,London,5.91,3.0,True,0.52,iOS 15
1414,2db13deb-ee6f-4bea-8df7-164713769ff9,2025-07-05 01:49:07,tablet,Find nearest coffee shop,Mandarin,navigation,Shanghai,9.33,4.0,True,0.99,Android 10
1415,e4f1e8e8-37f3-432b-9a81-762a5059f77b,2025-04-15 11:58:05,smartphone,Call Mom,Hindi,command,Los Angeles,3.71,2.0,True,0.61,iOS 14
1416,aee01ec9-bf04-48a9-b276-55132ecaf629,2025-03-15 20:29:22,tablet,Play my favorite song,Spanish,command,New York,6.86,4.0,False,0.53,Android 10
1417,3c1fdff0-331d-48bb-bcb3-636d7fbe6bb3,2025-04-05 00:07:48,smartphone,Call Mom,Hindi,command,Shanghai,5.11,2.0,False,0.83,Android 11
1418,3aad5840-34ef-41df-83f1-9b58df6c0d60,2025-03-20 17:55:16,smart speaker,What's the weather like today?,Hindi,information,London,5.54,5.0,,0.58,Android 11
1419,9e5c5dcd-d61a-480a-bfec-0a37d5bea8dc,2025-05-19 06:24:56,tablet,Recommend a podcast,French,entertainment,Paris,8.06,3.0,False,0.98,Android 10
1420,1eb05b4a-1b4f-4d5f-8768-833927ef5357,2025-01-31 11:33:25,smartwatch,Track my Amazon order,English,shopping,Shanghai,6.02,4.0,True,0.6,
1421,7e1f48c4-a9d6-490d-b4ad-fa22ad0205f5,2025-01-03 13:44:13,car assistant,How to get to Central Park,Mandarin,navigation,New York,6.08,6.0,False,0.95,iOS 15
1422,f53f091e-8a9e-4964-9b6a-34eac3a58237,2025-01-17 09:55:15,tablet,Set an alarm for 7 AM,Hindi,command,London,7.15,6.0,True,0.86,Android 10
1423,9ee4105d-5f06-4c76-bb77-7e71d91738f8,2025-05-03 11:53:55,smart speaker,What's trending on Netflix?,English,entertainment,New York,4.27,4.0,False,0.87,iOS 15
1424,e1886146-fc40-43d4-a5eb-45497e0a04c2,2025-04-17 16:41:50,tablet,Find nearby clothing stores,French,shopping,Delhi,3.32,4.0,False,0.67,iOS 15
1425,c3a6b204-fc01-4a22-aed0-b0b27da56b6e,2025-07-18 12:06:38,car assistant,How tall is the Eiffel Tower?,Mandarin,information,New York,2.91,6.0,,0.95,
1426,c00b19de-38db-428d-a5db-6e4347bf8db7,2025-02-19 19:20:20,smartphone,Recommend a podcast,Hindi,entertainment,Delhi,1.07,3.0,,0.68,
1427,6c5540f0-cc9c-441c-8696-99010ddca788,2025-07-05 18:15:58,tablet,Buy new headphones,English,shopping,Los Angeles,9.11,3.0,True,0.71,iOS 15
1428,80a23721-0856-4684-8a6f-c4b3f08d312e,2025-05-15 20:58:03,car assistant,Find nearby clothing stores,French,shopping,Delhi,2.79,4.0,True,0.64,Android 10
1429,c6a1a468-afb3-43ad-9c43-2ed564caa1c7,2025-03-09 21:15:26,smartwatch,Order me a pizza,English,shopping,Tokyo,4.56,4.0,True,0.54,iOS 14
1430,b2c027e8-1ed0-42e9-b9fc-6034750acc98,2025-07-21 06:01:19,car assistant,Play latest movie trailers,Hindi,entertainment,Paris,4.45,4.0,True,0.96,iOS 14
1431,0227b8d5-b070-4a53-90ce-857f75c72fb6,2025-01-05 14:10:12,tablet,Add milk to shopping list,English,shopping,Paris,5.61,5.0,,0.93,iOS 15
1432,94bcf47a-6122-4189-b5f3-de4aac9204b4,2025-02-09 03:02:16,smart speaker,What's trending on Netflix?,Hindi,entertainment,New York,6.63,4.0,False,0.93,iOS 14
1433,dca1adcc-9cdf-4664-9c91-f845534fc96d,2025-04-11 20:35:11,smartwatch,Recommend a podcast,Hindi,entertainment,New York,6.72,3.0,,0.89,
1434,3cb526d7-434a-430e-8c6e-a6ad2fe938e4,2025-04-15 15:04:00,smartwatch,Play my favorite song,Mandarin,command,Tokyo,3.83,4.0,True,0.84,iOS 14
1435,57d52b78-9cf3-437e-b562-037b78aa16ea,2025-05-23 02:39:37,tablet,What's the weather like today?,English,information,Los Angeles,4.67,5.0,,0.92,
1436,35e574e0-6c87-4546-bfaf-64582f14f777,2025-06-12 18:13:45,car assistant,Play my favorite song,Spanish,command,Shanghai,5.57,4.0,True,0.62,Android 10
1437,5d75c03c-5f4f-4f10-808f-e6d7b361e70a,2025-06-05 13:47:37,smart speaker,Track my Amazon order,English,shopping,Tokyo,4.5,4.0,True,0.71,Android 10
1438,9247e851-2e0d-4860-b362-f9b74795cd1d,2025-02-20 22:18:20,smart speaker,Show me comedy shows,French,entertainment,Los Angeles,8.21,4.0,True,0.62,iOS 15
1439,3a8359b6-af9e-4a0e-936d-b4a7fab1996a,2025-02-08 18:51:12,car assistant,Define artificial intelligence,Hindi,information,Tokyo,5.98,3.0,,0.92,iOS 15
1440,3c5dba42-cdd8-4f09-851b-6267b8875caf,2025-06-17 20:34:14,smartwatch,Directions to nearest gas station,English,navigation,New York,6.47,5.0,True,0.51,
1441,255603d4-3231-42fa-a181-92dedb370ca7,2025-02-28 01:53:20,smart speaker,Define artificial intelligence,French,information,New York,6.33,3.0,True,0.69,iOS 15
1442,2d36226c-027e-489c-8e40-483b7915ad7e,2025-06-13 16:51:26,tablet,Turn off the lights,Spanish,command,Paris,7.35,4.0,False,0.65,
1443,e4ad5e9b-fedd-42d9-a26c-bc6a7fe5a4b6,2025-07-20 18:51:15,smart speaker,Show me comedy shows,English,entertainment,London,5.36,4.0,True,0.97,iOS 14
1444,c90b9454-50d3-402d-b876-a45588b3152d,2025-07-08 23:37:44,car assistant,What's the weather like today?,Hindi,information,Shanghai,2.41,5.0,True,0.55,Android 11
1445,dbc6c928-8fe8-4e20-803f-d5824ccf0a4b,2025-01-19 12:40:58,smartwatch,Directions to nearest gas station,English,navigation,Delhi,5.8,5.0,,0.96,iOS 15
1446,29d0c613-b0c7-4002-9956-699065fdaadb,2025-01-24 07:34:46,tablet,Tell me news headlines,English,information,Delhi,3.7,4.0,True,0.74,iOS 14
1447,79fe7ccc-4119-40f6-9056-61993728ddc2,2025-02-07 09:35:55,smart speaker,Recommend a podcast,Mandarin,entertainment,Paris,3.94,3.0,True,0.9,iOS 15
1448,42803aa0-55ac-4d06-be9d-a9517329af6e,2025-05-21 04:24:35,smartwatch,Who won the game last night?,French,information,Paris,6.17,6.0,True,0.93,iOS 14
1449,ee8d5daa-8eb7-4306-8f73-198e5c3d0d5f,2025-04-11 02:04:34,smartwatch,Call Mom,French,command,Shanghai,7.48,2.0,True,0.5,
1450,1f096b9d-6969-49b2-8513-eda8581993cc,2025-05-17 08:24:01,smartwatch,Who won the game last night?,French,information,New York,5.04,6.0,True,0.51,
1451,9b0707e5-f68e-4e81-adf9-568bde0bde18,2025-03-19 06:25:26,smart speaker,How to get to Central Park,English,navigation,Los Angeles,5.62,6.0,True,0.66,iOS 15
1452,a62d7221-a65d-458e-936d-d1a893acb00e,2025-07-29 02:36:29,smartphone,How to get to Central Park,Mandarin,navigation,Delhi,8.4,6.0,False,0.98,Android 11
1453,48dc1e26-c7c2-464a-bab8-328f2cae93a2,2025-05-18 21:51:22,car assistant,Call Mom,Hindi,command,Delhi,5.48,2.0,True,0.97,iOS 15
1454,7ccc63de-82ac-4e1d-ac56-5da653391df4,2025-06-23 13:41:26,smartwatch,Find nearest coffee shop,Mandarin,navigation,Delhi,10.2,4.0,True,0.79,
1455,9d1911a5-618d-4e71-9412-83fbe3bef3d6,2025-04-22 06:35:35,smartwatch,Find nearest coffee shop,Hindi,navigation,Delhi,6.13,4.0,True,0.71,Android 11
1456,2514c7ce-f4e3-4f7b-a1b7-e3d876b874d3,2025-03-07 01:55:01,smartwatch,Order me a pizza,French,shopping,Delhi,1.48,4.0,True,0.6,Android 11
1457,565f1491-edb6-4b81-8ec6-8cfea3fd17f0,2025-06-13 19:36:52,smartwatch,Tell me news headlines,Spanish,information,New York,6.51,4.0,True,0.63,Android 10
1458,679f2f42-9256-4707-9cc0-5b67a19b224a,2025-01-28 16:58:30,smartwatch,Add milk to shopping list,Mandarin,shopping,Delhi,5.76,5.0,True,0.56,Android 11
1459,3a6c7da6-57f7-471f-a978-cc731440adec,2025-05-02 17:51:52,tablet,How to get to Central Park,Spanish,navigation,New York,7.58,6.0,False,0.83,Android 11
1460,b5def807-4a96-4478-a72b-dddd511eeeb8,2025-04-14 21:01:24,smart speaker,Set an alarm for 7 AM,English,command,London,6.35,6.0,True,0.86,iOS 15
1461,457083e4-653c-4f74-a507-68979afa8267,2025-06-22 18:45:12,tablet,Buy new headphones,Spanish,shopping,Shanghai,4.72,3.0,True,0.69,
1462,5cf85eeb-f053-4851-9ce0-e2bbc7edea02,2025-07-22 07:28:21,smart speaker,Find nearby clothing stores,English,shopping,Shanghai,2.55,4.0,,0.86,iOS 14
1463,2ad55c0b-69fb-4fe6-b346-1e07f72cb6c8,2025-03-13 09:56:36,car assistant,Recommend a podcast,Mandarin,entertainment,Tokyo,4.58,3.0,,0.6,iOS 14
1464,ba4f4b03-2002-4d9f-85e9-f407daada0b1,2025-04-02 02:53:02,tablet,Play latest movie trailers,Mandarin,entertainment,Delhi,3.3,4.0,True,0.56,iOS 15
1465,be6e9d47-f0c0-404b-806b-f02da97a4f4e,2025-02-01 02:15:26,car assistant,Open the calendar,Hindi,command,Los Angeles,3.84,3.0,True,0.51,iOS 14
1466,1a5ed196-65a4-479b-aaba-a4f935e80364,2025-02-07 02:37:30,car assistant,Tell me news headlines,Mandarin,information,Los Angeles,6.18,4.0,True,0.52,
1467,7922b440-e0f1-444c-afd1-b5881054b2d5,2025-01-21 21:41:22,car assistant,How tall is the Eiffel Tower?,English,information,New York,8.34,6.0,True,0.55,Android 10
1468,8623bc74-65a2-4cc8-855b-e95d06bfd9c4,2025-02-02 07:57:26,smartwatch,Play my favorite song,Mandarin,command,Delhi,5.79,4.0,True,0.78,Android 11
1469,27c00f89-9e3b-41b3-8330-125c1a9b0d42,2025-02-02 17:50:16,tablet,Order me a pizza,Hindi,shopping,London,2.61,4.0,True,0.75,iOS 14
1470,63ccf604-e2ae-4f87-ae7c-a782a7a31d25,2025-05-01 03:32:36,smartwatch,Order me a pizza,English,shopping,Los Angeles,5.89,4.0,True,0.91,iOS 15
1471,48bfb602-bcd2-48eb-bf55-60cd3ab7127e,2025-06-22 02:33:16,smartphone,Call Mom,Spanish,command,Los Angeles,7.39,2.0,True,0.6,Android 11
1472,86d895e5-219b-406d-a05c-8491a06109db,2025-03-08 06:10:54,car assistant,What's the weather like today?,Mandarin,information,Tokyo,3.78,5.0,True,0.56,Android 11
1473,5b59f28e-a9de-4b26-88ff-eab0075072d6,2025-05-07 07:05:45,smartphone,Play my favorite song,French,command,Tokyo,4.73,4.0,True,0.63,iOS 15
1474,f99863f2-7799-4ddb-b9e5-46e7dd3ee854,2025-07-29 22:36:34,smart speaker,Track my Amazon order,English,shopping,Los Angeles,5.03,4.0,,0.93,
1475,71e15b9f-8c6d-468e-85bc-f3baef52d36e,2025-02-22 11:21:43,tablet,Play latest movie trailers,French,entertainment,Shanghai,3.43,4.0,False,0.79,Android 10
1476,8a0ec018-b297-49b2-b2cf-fcaef833ebfb,2025-03-10 18:06:03,smartwatch,Call Mom,Spanish,command,New York,6.3,2.0,,0.88,iOS 14
1477,a18c5492-74e0-479a-98fb-47279740b212,2025-06-18 22:16:58,smartwatch,Find nearby clothing stores,Spanish,shopping,Paris,4.76,4.0,True,0.54,Android 10
1478,88a613b4-a3b8-4f92-a3c9-0c6a86017633,2025-05-01 06:15:09,smartphone,Directions to nearest gas station,Spanish,navigation,Delhi,5.84,5.0,True,0.59,iOS 14
1479,8a27b0b0-7b4d-4646-98e0-058fe8af301f,2025-03-30 04:59:25,smartwatch,Route to home,French,navigation,Shanghai,3.23,3.0,,0.88,Android 11
1480,4ed0730d-711d-41dd-96ed-0330ce015413,2025-05-23 01:20:51,tablet,Route to home,English,navigation,Los Angeles,4.13,3.0,False,0.96,Android 10
1481,4db6f475-27dd-4ac4-8282-b6e46986305a,2025-01-05 02:23:14,tablet,Add milk to shopping list,Spanish,shopping,Tokyo,6.44,5.0,True,0.59,Android 11
1482,c21f84fc-d0bc-4ad5-85f8-0d9b00060d5a,2025-02-22 22:24:44,tablet,How to get to Central Park,French,navigation,Paris,4.25,6.0,True,0.57,iOS 14
1483,88fc3da1-781d-4b6c-8969-40325808d790,2025-01-04 05:31:15,smartphone,Directions to nearest gas station,Hindi,navigation,Los Angeles,8.45,5.0,,0.51,
1484,f26bcebf-7def-4b8e-ac0d-fc3ab011b125,2025-07-05 06:35:14,tablet,Play my favorite song,English,command,Shanghai,4.2,4.0,True,0.68,iOS 15
1485,6e310234-c410-4108-8256-83894cb34663,2025-04-24 18:14:11,smart speaker,What's trending on Netflix?,Hindi,entertainment,Shanghai,5.45,4.0,,0.53,Android 11
1486,01d909b4-cbf8-429e-bb30-ee9798d53cf5,2025-05-26 02:36:48,smartwatch,What's the weather like today?,Hindi,information,Paris,6.87,5.0,True,0.6,iOS 15
1487,8f807d8b-e1d5-4f85-a967-858630463008,2025-06-19 18:07:35,tablet,Route to home,Mandarin,navigation,Shanghai,2.16,3.0,True,0.75,Android 10
1488,b7062cfa-29cc-4789-bff9-3134650e78e4,2025-06-01 08:29:02,smartphone,Who won the game last night?,English,information,Los Angeles,1.48,6.0,True,0.53,iOS 14
1489,4352acea-3878-4ecf-a0dc-12ebd413c850,2025-01-31 18:17:17,car assistant,Turn off the lights,English,command,Shanghai,1.95,4.0,True,0.64,
1490,84408e98-3d53-4c43-a015-2b5b6c17e150,2025-04-16 13:57:59,tablet,Recommend a podcast,English,entertainment,Los Angeles,7.53,3.0,,0.75,iOS 15
1491,882d7fc1-be30-44f8-a601-47c348e09502,2025-04-15 09:36:10,smart speaker,Play my favorite song,French,command,London,3.9,4.0,True,0.55,
1492,1186da93-da7d-4c53-b020-cf0669b41194,2025-03-12 20:09:29,car assistant,Show me comedy shows,Spanish,entertainment,Los Angeles,10.12,4.0,,0.84,iOS 15
1493,a30b669c-1c40-4045-8a22-eae922f9cafe,2025-06-26 20:06:16,smart speaker,Call Mom,Spanish,command,New York,3.87,2.0,True,0.71,iOS 14
1494,b3522c18-45aa-4503-b3e8-8db69e2383d0,2025-07-11 01:44:06,smart speaker,Set an alarm for 7 AM,Spanish,command,Paris,5.37,6.0,True,0.8,Android 10
1495,26f341c8-04f7-48c8-9215-b5033012f819,2025-01-20 06:36:15,car assistant,Tell me news headlines,Spanish,information,Delhi,8.08,4.0,True,0.52,iOS 14
1496,2f999b2a-05aa-4eab-88f3-d7eaf83f5274,2025-02-09 17:15:28,car assistant,Turn off the lights,French,command,Shanghai,9.01,4.0,False,0.88,iOS 14
1497,b71714cd-2002-41bb-84e9-f8fb4838a888,2025-06-20 06:20:21,smartphone,Play my favorite song,Hindi,command,Delhi,9.12,4.0,,0.99,Android 11
1498,17172654-3b99-4815-8219-a9c7ba23b07a,2025-02-28 12:28:25,tablet,Play my favorite song,Hindi,command,New York,7.42,4.0,,0.65,Android 11
1499,578799d9-3799-4376-be5b-3ac903c501fe,2025-06-13 04:56:56,car assistant,Track my Amazon order,English,shopping,London,7.05,4.0,True,0.86,iOS 14
1500,7f96dd35-cca9-4089-8925-4bb54fc37d4e,2025-05-25 05:40:18,smart speaker,Who is the lead actor in Inception?,Spanish,entertainment,London,6.19,7.0,True,0.52,
1501,081fec82-ca9a-4f77-b26a-51a576b40672,2025-05-09 06:08:25,tablet,Turn off the lights,English,command,Los Angeles,6.56,4.0,True,0.82,Android 11
1502,f39ef1be-c025-43ea-97f2-a67814898025,2025-02-26 17:38:14,car assistant,What's trending on Netflix?,Spanish,entertainment,London,3.9,4.0,,0.94,Android 10
1503,6475c0ee-c691-4069-8439-940d0e588770,2025-01-28 17:21:12,car assistant,Show me comedy shows,Mandarin,entertainment,Los Angeles,3.36,4.0,True,0.79,Android 11
1504,3133839e-2e7d-452b-b85b-8a078b0ea0b9,2025-04-08 02:54:34,car assistant,Tell me news headlines,Hindi,information,Shanghai,4.99,4.0,,0.64,iOS 14
1505,033ac4d6-d408-4391-a1af-0e8ed13757e1,2025-02-17 08:45:50,tablet,Navigate to airport,Spanish,navigation,Shanghai,4.66,3.0,,0.81,iOS 15
1506,3fbbff57-b6f5-4f1c-84a5-31cdf97f4994,2025-05-30 10:34:34,smartwatch,Show me comedy shows,English,entertainment,Tokyo,4.09,4.0,,0.51,iOS 14
1507,3f46057b-7165-436b-b997-c779c56f05e6,2025-01-14 00:20:18,smart speaker,Open the calendar,English,command,New York,6.39,3.0,True,0.65,Android 10
1508,c55ffde8-bc3e-4d19-b5f9-423032fd73c5,2025-02-06 11:46:24,smartwatch,What's the weather like today?,Mandarin,information,Los Angeles,6.91,5.0,,0.94,
1509,355cca9c-fb6b-41dc-aa7f-7e0685695f97,2025-07-03 15:03:12,car assistant,Directions to nearest gas station,Mandarin,navigation,Los Angeles,5.18,5.0,False,0.72,iOS 14
1510,4fe66636-f612-4d2c-ae73-00eb639d8fe7,2025-05-06 11:10:01,smartwatch,Directions to nearest gas station,Hindi,navigation,London,7.96,5.0,False,0.91,Android 10
1511,0accb23c-ba6d-4ed8-a110-e887289ac251,2025-07-22 07:23:04,tablet,Play latest movie trailers,Mandarin,entertainment,London,2.72,4.0,True,0.66,
1512,a3760c2d-7b31-4cdc-80d9-1a8e1f44aa88,2025-04-27 01:08:23,tablet,Open the calendar,Spanish,command,Paris,4.61,3.0,False,0.63,Android 10
1513,0d559b64-e334-4bac-9c44-ebd132df8d45,2025-03-26 13:56:00,car assistant,How to get to Central Park,Mandarin,navigation,New York,3.57,6.0,,0.78,Android 10
1514,a206527c-3c68-41d6-9ce8-e12ff9287d26,2025-06-18 14:40:47,car assistant,Navigate to airport,Hindi,navigation,New York,1.27,3.0,False,0.76,Android 11
1515,cb5d2b59-2ad8-40ca-83db-7a2e531350e0,2025-04-18 05:26:20,car assistant,Call Mom,Mandarin,command,Delhi,4.83,2.0,True,0.71,Android 10
1516,ca0553a2-6553-415f-9ea1-5b0f95aeb18b,2025-04-05 09:45:24,tablet,Define artificial intelligence,English,information,Tokyo,4.76,3.0,True,0.54,iOS 15
1517,94c176b9-0ac0-43d5-b805-90f002493a09,2025-07-04 13:50:37,car assistant,Turn off the lights,French,command,Shanghai,8.03,4.0,,0.56,
1518,5f13fb98-27ad-4d51-98a1-5e4fb03b6934,2025-02-04 18:00:47,car assistant,Set an alarm for 7 AM,Hindi,command,Los Angeles,6.26,6.0,True,0.84,Android 10
1519,17661795-7ffa-4493-a85e-ed0a3fac4317,2025-05-12 10:19:21,car assistant,Play latest movie trailers,English,entertainment,New York,2.95,4.0,,0.91,iOS 14
1520,c27288e6-ff39-4117-b83b-1806ee4c1b18,2025-01-24 07:43:42,smartwatch,Order me a pizza,Mandarin,shopping,Shanghai,8.71,4.0,True,0.85,iOS 14
1521,276732d3-a502-4c4b-9b03-34d80f4d6c40,2025-07-28 07:10:31,smartphone,Add milk to shopping list,English,shopping,Paris,7.44,5.0,False,0.76,
1522,7ce34563-2036-4a73-9b7e-0502ca9d8831,2025-04-01 08:41:05,tablet,Find nearest coffee shop,Spanish,navigation,London,6.16,4.0,,0.86,iOS 14
1523,c9df301e-8ef0-4de1-bb4f-19725115d7ee,2025-05-15 21:14:09,tablet,Find nearby clothing stores,English,shopping,New York,4.55,4.0,True,0.58,iOS 14
1524,bbb24366-704f-41a8-a44c-bd41ce36e92a,2025-03-16 22:34:01,car assistant,Who won the game last night?,Spanish,information,New York,3.08,6.0,True,0.51,
1525,5bb0dd76-60b5-4717-b072-afc805776108,2025-02-22 07:47:41,tablet,Play latest movie trailers,English,entertainment,London,4.26,4.0,True,0.74,iOS 15
1526,7c3cc2bc-0a1b-4bd3-a60e-c813402da0fa,2025-06-19 21:47:44,smart speaker,Buy new headphones,French,shopping,Paris,7.18,3.0,True,0.93,
1527,b271115b-8af0-4ec3-8b72-6a7c8f1c3fa0,2025-07-10 07:59:18,smartphone,Who is the lead actor in Inception?,English,entertainment,Los Angeles,8.77,7.0,False,0.91,iOS 15
1528,8b2ab759-2fc6-44e6-9113-5d7e30952621,2025-05-16 00:28:10,smart speaker,Add milk to shopping list,Spanish,shopping,Delhi,8.09,5.0,True,0.65,iOS 14
1529,467ba9e5-77e8-4762-bb7e-b97952dcbffd,2025-03-04 06:30:32,car assistant,Show me comedy shows,Mandarin,entertainment,Delhi,4.02,4.0,True,0.85,iOS 14
1530,730ad7de-27af-4ff9-87f8-9f6211a1e557,2025-04-25 19:52:08,tablet,Recommend a podcast,Spanish,entertainment,New York,2.76,3.0,,0.73,
1531,5dfb1922-8aa6-4006-836a-db9dd1c56a00,2025-06-26 08:19:22,tablet,Define artificial intelligence,Mandarin,information,New York,5.28,3.0,True,0.72,Android 11
1532,8186722b-a355-4d05-86a2-8e4e002f2ca4,2025-05-28 04:56:31,smart speaker,Recommend a podcast,Mandarin,entertainment,New York,1.46,3.0,False,0.68,
1533,04cad30a-e207-4b20-af7f-2cd7bbd0fe6c,2025-05-22 09:25:36,smart speaker,Open the calendar,Hindi,command,Shanghai,5.65,3.0,True,0.59,iOS 15
1534,52190216-3d21-4daf-9ec5-405dc6a90598,2025-01-25 14:23:16,smartwatch,Buy new headphones,Hindi,shopping,Paris,4.7,3.0,False,0.64,Android 11
1535,d1ad3e51-89f9-4de9-b798-0131a885a7b4,2025-05-31 11:40:35,tablet,Tell me news headlines,Hindi,information,Delhi,4.07,4.0,True,0.83,
1536,7f5f61aa-aee7-47a5-8629-6fbe309b48dd,2025-03-01 20:36:35,car assistant,Buy new headphones,Spanish,shopping,Paris,1.81,3.0,,0.79,
1537,68e8f311-5295-4a96-887b-25d79cf023dd,2025-05-06 01:28:54,smartwatch,Add milk to shopping list,Hindi,shopping,New York,6.03,5.0,True,0.51,iOS 15
1538,a8ad1539-85f0-486a-98a4-40bd1c4760a5,2025-01-26 21:30:04,smart speaker,What's the weather like today?,Hindi,information,Paris,3.93,5.0,True,0.66,iOS 15
1539,2138e2e6-f013-4170-95cf-3b4c0b34fc84,2025-03-11 09:02:03,smart speaker,Who won the game last night?,Hindi,information,Tokyo,2.66,6.0,True,0.96,iOS 14
1540,1b67f7bb-33bb-4382-8801-8e83df9d3910,2025-07-08 11:58:44,car assistant,Set an alarm for 7 AM,English,command,Tokyo,1.75,6.0,True,0.88,
1541,922ddab6-0825-4b39-9947-ea42310dc9d1,2025-05-31 22:00:12,smartphone,How to get to Central Park,English,navigation,Paris,4.94,6.0,True,0.69,
1542,9fbc879e-869c-4a8e-bd6a-b7c2a86d8706,2025-04-10 09:31:12,car assistant,Find nearest coffee shop,Mandarin,navigation,Delhi,8.54,4.0,True,0.84,iOS 15
1543,9b1fc6d1-3881-49dc-9dc9-60970c90e028,2025-01-28 12:35:35,smart speaker,Navigate to airport,French,navigation,Tokyo,8.32,3.0,False,0.54,iOS 14
1544,356fdc0a-ebc8-46b7-ae22-4f7003599c6d,2025-07-10 20:13:52,smartphone,Directions to nearest gas station,Spanish,navigation,New York,4.09,5.0,,0.89,
1545,14780c9d-d503-4b43-a3c7-ca9aedabddab,2025-07-01 18:37:38,car assistant,How tall is the Eiffel Tower?,Spanish,information,Paris,3.8,6.0,True,0.75,iOS 15
1546,5c65a65c-0f8a-4c2c-a390-0bc0cd0fa4a6,2025-06-11 12:57:53,car assistant,What's trending on Netflix?,Mandarin,entertainment,London,5.94,4.0,True,0.95,iOS 15
1547,b55beaaa-cb53-40be-9e7b-4866d2705470,2025-01-23 15:23:44,smartphone,Recommend a podcast,Hindi,entertainment,Tokyo,3.0,3.0,True,0.78,iOS 15
1548,876de8c5-440c-4e5b-9def-57b4d2da43ec,2025-01-16 18:54:53,car assistant,Set an alarm for 7 AM,English,command,Delhi,5.6,6.0,False,0.53,
1549,4dccb05d-d59e-40fd-9204-f4d6bbfb1b71,2025-01-31 06:24:37,smartwatch,Who won the game last night?,Mandarin,information,Tokyo,6.53,6.0,,0.7,Android 11
1550,84fcfcb0-f5e9-4352-b745-39f2f1d188b9,2025-02-07 17:13:01,smartphone,How to get to Central Park,English,navigation,Shanghai,7.45,6.0,True,0.62,
1551,881af04f-3b23-4eed-b9a4-de2b19e9e3a4,2025-05-30 15:32:45,car assistant,Buy new headphones,Hindi,shopping,Shanghai,4.8,3.0,True,0.77,iOS 14
1552,a8290f3c-86b4-452c-b170-46b930807a5d,2025-04-07 14:38:22,car assistant,Show me comedy shows,English,entertainment,New York,4.59,4.0,,0.71,iOS 15
1553,2dcc4095-f28f-4444-a015-4d6591ed554a,2025-06-11 05:48:03,smartwatch,Who won the game last night?,Spanish,information,Shanghai,3.24,6.0,,0.96,iOS 14
1554,a37ce1c5-c42b-466b-9b02-fa24bf00f56c,2025-05-20 00:27:37,smart speaker,Play latest movie trailers,French,entertainment,Shanghai,3.35,4.0,True,0.67,iOS 14
1555,aa4d52a8-b3da-4808-b56e-b67dacab8b69,2025-06-15 20:37:38,tablet,Add milk to shopping list,English,shopping,Shanghai,4.55,5.0,True,0.97,Android 11
